state,year,obesity_pct,obesity_ci_low,obesity_ci_high,sample_size
AL,2011,32.0,30.5,33.5,7304.0
AK,2011,27.4,25.3,29.7,3336.0
AZ,2011,25.1,23.0,27.3,6150.0
AR,2011,30.9,28.8,33.1,4527.0
CA,2011,23.8,22.9,24.7,17088.0
CO,2011,20.7,19.7,21.8,12976.0
CT,2011,24.5,23.0,26.0,6457.0
DE,2011,28.8,26.9,30.7,4530.0
DC,2011,23.7,21.9,25.7,4368.0
FL,2011,26.6,25.4,27.9,11770.0
GA,2011,28.0,26.6,29.4,9353.0
HI,2011,21.8,20.4,23.4,7407.0
ID,2011,27.0,25.3,28.9,5739.0
IL,2011,27.1,25.4,28.9,5355.0
IN,2011,30.8,29.5,32.3,8048.0
IA,2011,29.0,27.6,30.3,6898.0
KS,2011,29.6,28.7,30.4,19619.0
KY,2011,30.4,28.9,31.9,10114.0
LA,2011,33.4,32.0,34.9,10404.0
ME,2011,27.8,26.8,28.9,12643.0
MD,2011,28.3,26.9,29.7,9450.0
MA,2011,22.7,21.8,23.7,20532.0
MI,2011,31.3,30.0,32.6,10579.0
MN,2011,25.7,24.6,26.8,14387.0
MS,2011,34.9,33.5,36.3,8504.0
MO,2011,30.3,28.6,32.0,6095.0
MT,2011,24.6,23.3,26.0,9882.0
NE,2011,28.4,27.6,29.2,24366.0
NV,2011,24.5,22.5,26.6,5205.0
NH,2011,26.2,24.7,27.7,6049.0
NJ,2011,23.7,22.7,24.8,14130.0
NM,2011,26.3,25.1,27.6,8981.0
NY,2011,24.5,23.2,25.9,7222.0
NC,2011,29.1,27.7,30.6,10790.0
ND,2011,27.8,26.3,29.4,4982.0
OH,2011,29.6,28.3,31.0,9339.0
OK,2011,31.1,29.7,32.5,8159.0
OR,2011,26.7,25.2,28.3,5959.0
PA,2011,28.6,27.3,29.8,10850.0
RI,2011,25.4,23.9,27.0,6182.0
SC,2011,30.8,29.6,32.1,12352.0
SD,2011,28.1,26.3,30.1,7820.0
TN,2011,29.2,26.8,31.7,5575.0
TX,2011,30.4,29.1,31.8,14024.0
UT,2011,24.4,23.4,25.5,11918.0
VT,2011,25.4,24.1,26.8,6771.0
VA,2011,29.2,27.5,30.9,6151.0
WA,2011,26.5,25.3,27.7,13896.0
WV,2011,32.4,30.9,34.0,4958.0
WI,2011,27.7,25.8,29.7,4941.0
WY,2011,25.0,23.5,26.6,6565.0
AL,2012,33.0,31.5,34.4,8651.0
AK,2012,25.7,23.9,27.5,4093.0
AZ,2012,26.0,24.3,27.8,6951.0
AR,2012,34.5,32.7,36.4,4943.0
CA,2012,25.0,23.9,26.0,13646.0
CO,2012,20.5,19.5,21.5,11643.0
CT,2012,25.6,24.3,26.9,8312.0
DE,2012,26.9,25.2,28.6,4944.0
DC,2012,21.9,19.9,24.1,3644.0
FL,2012,25.2,23.7,26.8,7282.0
GA,2012,29.1,27.5,30.8,5737.0
HI,2012,23.6,22.0,25.2,7371.0
ID,2012,26.8,24.8,28.8,5578.0
IL,2012,28.1,26.4,29.9,5452.0
IN,2012,31.4,30.1,32.7,8225.0
IA,2012,30.4,29.1,31.8,6769.0
KS,2012,29.8,28.7,31.0,11238.0
KY,2012,31.3,29.9,32.7,10570.0
LA,2012,34.7,33.1,36.4,8656.0
ME,2012,28.3,27.2,29.5,9512.0
MD,2012,27.6,26.3,28.9,11947.0
MA,2012,22.9,22.0,23.8,19904.0
MI,2012,31.1,29.8,32.3,10052.0
MN,2012,25.7,24.7,26.8,11429.0
MS,2012,34.6,33.1,36.2,7429.0
MO,2012,29.6,28.0,31.2,6446.0
MT,2012,24.3,23.1,25.5,8357.0
NE,2012,28.6,27.7,29.6,18385.0
NV,2012,26.2,24.3,28.2,4592.0
NH,2012,27.3,25.8,28.8,7182.0
NJ,2012,24.6,23.6,25.6,14477.0
NM,2012,27.1,25.9,28.3,8385.0
NY,2012,23.6,22.1,25.1,5700.0
NC,2012,29.6,28.5,30.7,11113.0
ND,2012,29.7,27.9,31.4,4625.0
OH,2012,30.1,29.0,31.2,12319.0
OK,2012,32.2,30.8,33.6,7719.0
OR,2012,27.3,25.7,29.0,5056.0
PA,2012,29.1,28.1,30.1,18893.0
RI,2012,25.7,24.2,27.4,5188.0
SC,2012,31.6,30.4,32.8,12210.0
SD,2012,28.1,26.5,29.8,7433.0
TN,2012,31.1,29.6,32.7,6613.0
TX,2012,29.2,27.9,30.6,8530.0
UT,2012,24.3,23.3,25.3,11683.0
VT,2012,23.7,22.3,25.2,5791.0
VA,2012,27.4,26.0,28.8,6948.0
WA,2012,26.8,25.8,27.8,14540.0
WV,2012,33.8,32.2,35.4,5125.0
WI,2012,29.7,27.8,31.6,4966.0
WY,2012,24.6,22.9,26.5,5976.0
AL,2013,32.4,30.8,34.1,6244.0
AK,2013,28.4,26.5,30.4,4396.0
AZ,2013,26.8,24.3,29.4,4029.0
AR,2013,34.6,32.7,36.6,5023.0
CA,2013,24.1,23.0,25.3,10669.0
CO,2013,21.3,20.4,22.2,12920.0
CT,2013,25.0,23.5,26.4,7309.0
DE,2013,31.1,29.3,32.8,4893.0
DC,2013,22.9,21.0,24.8,4705.0
FL,2013,26.4,25.3,27.4,32552.0
GA,2013,30.3,28.9,31.8,7606.0
HI,2013,21.8,20.4,23.2,7609.0
ID,2013,29.6,27.8,31.4,5315.0
IL,2013,29.4,27.7,31.2,5490.0
IN,2013,31.8,30.6,33.1,9770.0
IA,2013,31.3,29.9,32.7,7672.0
KS,2013,30.0,29.2,30.7,21991.0
KY,2013,33.2,31.8,34.6,10325.0
LA,2013,33.1,31.1,35.2,5014.0
ME,2013,28.9,27.5,30.2,7791.0
MD,2013,28.3,27.0,29.5,12169.0
MA,2013,23.6,22.5,24.8,13883.0
MI,2013,31.5,30.4,32.6,12177.0
MN,2013,25.5,24.1,26.8,13450.0
MS,2013,35.1,33.5,36.8,7032.0
MO,2013,30.4,28.8,32.1,6783.0
MT,2013,24.6,23.4,25.8,9323.0
NE,2013,29.6,28.4,30.7,16250.0
NV,2013,26.2,24.0,28.6,4871.0
NH,2013,26.7,25.3,28.3,6141.0
NJ,2013,26.3,25.1,27.5,12256.0
NM,2013,26.4,25.1,27.7,8914.0
NY,2013,25.4,24.2,26.6,8465.0
NC,2013,29.4,28.1,30.7,8292.0
ND,2013,31.0,29.5,32.5,7413.0
OH,2013,30.4,29.2,31.6,11260.0
OK,2013,32.5,31.2,33.9,7875.0
OR,2013,26.5,24.9,28.1,5668.0
PA,2013,30.0,28.9,31.2,10857.0
RI,2013,27.3,25.8,28.8,6191.0
SC,2013,31.7,30.5,33.1,10227.0
SD,2013,29.9,28.0,31.8,6531.0
TN,2013,33.7,31.9,35.5,5452.0
TX,2013,30.9,29.5,32.3,10085.0
UT,2013,24.1,23.2,25.1,12027.0
VT,2013,24.7,23.4,26.1,6106.0
VA,2013,27.2,25.9,28.5,7941.0
WA,2013,27.2,26.0,28.3,10554.0
WV,2013,35.1,33.6,36.6,5636.0
WI,2013,29.8,28.0,31.6,6188.0
WY,2013,27.8,26.2,29.5,6147.0
AL,2014,33.5,32.1,35.0,8190.0
AK,2014,29.7,27.8,31.7,4142.0
AZ,2014,28.9,27.7,30.2,13849.0
AR,2014,35.9,33.8,38.0,4886.0
CA,2014,24.7,23.5,25.9,8025.0
CO,2014,21.3,20.4,22.2,12567.0
CT,2014,26.3,24.9,27.7,7237.0
DE,2014,30.7,28.6,32.8,3983.0
DC,2014,21.7,19.5,24.0,3787.0
FL,2014,26.2,25.0,27.5,9156.0
GA,2014,30.5,28.9,32.1,5844.0
HI,2014,22.1,20.7,23.5,6905.0
ID,2014,28.9,27.1,30.8,5125.0
IL,2014,29.3,27.6,31.1,4835.0
IN,2014,32.7,31.6,34.0,10773.0
IA,2014,30.9,29.6,32.3,7572.0
KS,2014,31.3,30.3,32.2,12825.0
KY,2014,31.6,30.2,33.1,10442.0
LA,2014,34.9,33.4,36.4,6366.0
ME,2014,28.2,26.9,29.5,8705.0
MD,2014,29.6,28.1,31.1,11713.0
MA,2014,23.3,22.3,24.4,14394.0
MI,2014,30.7,29.4,32.0,8024.0
MN,2014,27.6,26.8,28.5,15309.0
MS,2014,35.5,33.4,37.6,3975.0
MO,2014,30.2,28.6,31.9,6695.0
MT,2014,26.4,24.9,27.9,7064.0
NE,2014,30.2,29.2,31.3,21130.0
NV,2014,27.7,25.4,30.1,3555.0
NH,2014,27.4,25.8,29.1,5730.0
NJ,2014,26.9,25.7,28.1,11955.0
NM,2014,28.4,27.0,30.0,8284.0
NY,2014,27.0,25.6,28.5,6325.0
NC,2014,29.7,28.4,31.0,6621.0
ND,2014,32.2,30.5,34.0,7269.0
OH,2014,32.6,31.2,34.1,10313.0
OK,2014,33.0,31.7,34.3,8009.0
OR,2014,27.9,26.3,29.6,4919.0
PA,2014,30.2,28.9,31.4,10374.0
RI,2014,27.0,25.4,28.6,5969.0
SC,2014,32.1,30.9,33.3,10393.0
SD,2014,29.8,27.9,31.8,6960.0
TN,2014,31.2,29.3,33.2,4793.0
TX,2014,31.9,30.6,33.3,14058.0
UT,2014,25.7,24.9,26.6,13965.0
VT,2014,24.8,23.5,26.1,6068.0
VA,2014,28.5,27.2,29.7,8879.0
WA,2014,27.3,26.0,28.5,9444.0
WV,2014,35.7,34.2,37.2,5846.0
WI,2014,31.2,29.6,32.8,6655.0
WY,2014,29.5,27.5,31.5,5973.0
AL,2015,35.6,34.1,37.2,7383.0
AK,2015,29.8,27.5,32.3,3434.0
AZ,2015,28.4,26.9,30.0,7152.0
AR,2015,34.5,32.2,36.9,4813.0
CA,2015,24.2,23.2,25.2,11459.0
CO,2015,20.2,19.1,21.3,12183.0
CT,2015,25.3,24.1,26.4,10901.0
DE,2015,29.7,27.6,31.8,3688.0
DC,2015,22.1,19.7,24.8,3654.0
FL,2015,26.8,25.5,28.1,8985.0
GA,2015,30.7,28.8,32.6,4269.0
HI,2015,22.7,21.3,24.1,6822.0
ID,2015,28.6,26.9,30.4,5358.0
IL,2015,30.8,29.2,32.4,5081.0
IN,2015,31.3,29.5,33.1,5647.0
IA,2015,32.1,30.5,33.8,5614.0
KS,2015,34.2,33.4,35.0,20930.0
KY,2015,34.6,32.9,36.3,8130.0
LA,2015,36.2,34.3,38.1,4324.0
ME,2015,30.0,28.6,31.4,8579.0
MD,2015,28.9,27.2,30.7,11357.0
MA,2015,24.3,23.0,25.6,8206.0
MI,2015,31.2,29.9,32.4,8329.0
MN,2015,26.1,25.3,27.0,15340.0
MS,2015,35.6,33.8,37.5,5664.0
MO,2015,32.4,30.8,34.0,6764.0
MT,2015,23.6,22.1,25.2,5563.0
NE,2015,31.4,30.3,32.5,16265.0
NV,2015,26.7,24.1,29.5,2701.0
NH,2015,26.3,24.8,27.9,6366.0
NJ,2015,25.6,24.3,26.9,10184.0
NM,2015,28.8,27.1,30.6,6206.0
NY,2015,25.0,24.0,26.1,11281.0
NC,2015,30.1,28.7,31.5,6019.0
ND,2015,31.0,29.3,32.8,4612.0
OH,2015,29.8,28.4,31.2,10924.0
OK,2015,33.9,32.2,35.6,6521.0
OR,2015,30.1,28.4,31.8,4905.0
PA,2015,30.0,28.4,31.6,5335.0
RI,2015,26.0,24.3,27.7,5668.0
SC,2015,31.7,30.5,33.0,10865.0
SD,2015,30.4,28.5,32.3,6707.0
TN,2015,33.8,31.9,35.7,5475.0
TX,2015,32.4,30.9,33.9,13230.0
UT,2015,24.5,23.5,25.5,10455.0
VT,2015,25.1,23.8,26.6,6008.0
VA,2015,29.2,27.9,30.6,8030.0
WA,2015,26.4,25.5,27.4,14694.0
WV,2015,35.6,34.1,37.1,5471.0
WI,2015,30.7,29.0,32.4,5755.0
WY,2015,29.0,27.0,31.1,5010.0
AL,2016,35.7,34.2,37.3,6526.0
AK,2016,31.4,28.5,34.4,2739.0
AZ,2016,29.0,27.5,30.6,10033.0
AR,2016,35.7,33.3,38.1,4859.0
CA,2016,25.0,23.9,26.1,10352.0
CO,2016,22.3,21.4,23.2,13637.0
CT,2016,26.0,24.8,27.2,9960.0
DE,2016,30.7,28.7,32.8,3702.0
DC,2016,22.6,20.9,24.3,3479.0
FL,2016,27.4,26.4,28.5,33186.0
GA,2016,31.4,29.7,33.2,4884.0
HI,2016,23.8,22.5,25.2,7659.0
ID,2016,27.4,25.6,29.3,4880.0
IL,2016,31.6,29.9,33.3,4518.0
IN,2016,32.5,31.2,33.8,10319.0
IA,2016,32.0,30.5,33.4,6645.0
KS,2016,31.2,30.1,32.3,10947.0
KY,2016,34.2,32.7,35.6,9583.0
LA,2016,35.5,33.4,37.7,4868.0
ME,2016,29.9,28.5,31.3,9554.0
MD,2016,29.9,28.9,31.0,16701.0
MA,2016,23.6,22.3,24.9,7480.0
MI,2016,32.5,31.4,33.6,11130.0
MN,2016,27.8,26.9,28.6,15420.0
MS,2016,37.3,35.4,39.1,4821.0
MO,2016,31.7,30.0,33.4,6578.0
MT,2016,25.5,23.9,27.2,5483.0
NE,2016,32.0,30.8,33.2,14173.0
NV,2016,25.8,23.9,27.8,3981.0
NH,2016,26.6,25.0,28.2,5888.0
NJ,2016,27.4,25.7,29.1,6810.0
NM,2016,28.3,26.6,30.1,5531.0
NY,2016,25.5,24.6,26.5,31269.0
NC,2016,31.8,30.4,33.3,5984.0
ND,2016,31.9,30.3,33.6,5348.0
OH,2016,31.5,30.2,32.8,11455.0
OK,2016,32.8,31.2,34.3,6449.0
OR,2016,28.7,27.3,30.3,5000.0
PA,2016,30.3,28.8,31.8,6367.0
RI,2016,26.6,24.9,28.4,4936.0
SC,2016,32.3,31.0,33.6,10503.0
SD,2016,29.6,27.6,31.7,5371.0
TN,2016,34.8,33.0,36.7,5657.0
TX,2016,33.7,31.9,35.4,10789.0
UT,2016,25.4,24.2,26.5,10043.0
VT,2016,27.1,25.5,28.7,6071.0
VA,2016,29.0,27.7,30.3,8293.0
WA,2016,28.6,27.6,29.6,12990.0
WV,2016,37.7,36.3,39.0,6635.0
WI,2016,30.7,29.0,32.5,4793.0
WY,2016,27.7,25.7,29.8,4200.0
AL,2017,36.3,34.7,38.0,6245.0
AK,2017,34.2,31.4,37.1,3031.0
AZ,2017,29.5,28.5,30.5,14164.0
AR,2017,35.0,32.6,37.5,4884.0
CA,2017,25.1,23.8,26.4,8475.0
CO,2017,22.6,21.6,23.7,9063.0
CT,2017,26.9,25.6,28.1,9505.0
DE,2017,31.8,29.7,34.0,3648.0
DC,2017,23.0,21.4,24.7,4091.0
FL,2017,28.4,27.0,29.9,19913.0
GA,2017,31.6,30.0,33.3,5369.0
HI,2017,23.8,22.4,25.2,7319.0
ID,2017,29.3,27.5,31.2,4623.0
IL,2017,31.1,29.5,32.7,5247.0
IN,2017,33.6,32.5,34.7,12973.0
IA,2017,36.4,35.1,37.7,7113.0
KS,2017,32.4,31.5,33.2,19783.0
KY,2017,34.3,32.6,36.0,8018.0
LA,2017,36.2,34.4,38.1,4439.0
ME,2017,29.1,27.7,30.6,9295.0
MD,2017,31.3,30.0,32.6,12386.0
MA,2017,25.9,24.1,27.7,6272.0
MI,2017,32.3,31.1,33.4,10129.0
MN,2017,28.4,27.5,29.4,15445.0
MS,2017,37.3,35.3,39.3,4750.0
MO,2017,32.5,30.9,34.0,7010.0
MT,2017,25.3,23.8,26.9,5512.0
NE,2017,32.8,31.6,34.0,14330.0
NV,2017,26.7,24.5,29.0,3496.0
NH,2017,28.1,26.3,29.9,5191.0
NJ,2017,27.3,25.8,28.7,10394.0
NM,2017,28.4,26.8,30.0,6046.0
NY,2017,25.7,24.6,26.9,11180.0
NC,2017,32.1,30.4,34.0,4483.0
ND,2017,33.2,31.6,34.7,6532.0
OH,2017,33.8,32.5,35.1,11398.0
OK,2017,36.5,34.9,38.1,6113.0
OR,2017,29.4,27.9,30.9,4909.0
PA,2017,31.6,30.0,33.2,6135.0
RI,2017,30.0,28.1,31.9,5141.0
SC,2017,34.1,32.8,35.4,10475.0
SD,2017,31.9,29.8,34.1,6533.0
TN,2017,32.8,31.1,34.6,5354.0
TX,2017,33.0,31.2,34.9,11238.0
UT,2017,25.3,24.2,26.4,9325.0
VT,2017,27.6,26.0,29.2,5980.0
VA,2017,30.1,28.7,31.4,8809.0
WA,2017,27.7,26.6,28.7,12062.0
WV,2017,38.1,36.4,39.7,5116.0
WI,2017,32.0,30.3,33.8,5348.0
WY,2017,28.8,27.1,30.6,4158.0
AL,2018,36.2,34.6,37.9,6144.0
AK,2018,29.5,27.0,32.2,2600.0
AZ,2018,29.5,27.8,31.3,7449.0
AR,2018,37.1,35.1,39.1,4963.0
CA,2018,25.8,24.8,26.9,10856.0
CO,2018,23.0,21.9,24.0,8234.0
CT,2018,27.4,26.2,28.7,9722.0
DE,2018,33.5,31.7,35.4,4629.0
DC,2018,24.7,22.9,26.5,4081.0
FL,2018,30.7,29.1,32.3,13804.0
GA,2018,32.5,31.2,33.8,8231.0
HI,2018,24.9,23.6,26.3,7474.0
ID,2018,28.4,26.3,30.5,3434.0
IL,2018,31.8,30.2,33.4,4973.0
IN,2018,34.1,32.6,35.6,6885.0
IA,2018,35.3,34.2,36.5,8428.0
KS,2018,34.4,33.2,35.6,9901.0
KY,2018,36.6,34.9,38.4,8013.0
LA,2018,36.8,34.9,38.7,4720.0
ME,2018,30.4,28.9,31.9,10224.0
MD,2018,30.9,29.8,32.1,16029.0
MA,2018,25.7,24.3,27.2,6092.0
MI,2018,33.0,31.8,34.2,9589.0
MN,2018,30.1,29.2,30.9,15631.0
MS,2018,39.5,37.8,41.2,5477.0
MO,2018,35.0,33.3,36.8,5802.0
MT,2018,26.9,25.2,28.5,4804.0
NE,2018,34.1,32.9,35.3,13669.0
NV,2018,29.5,27.1,32.0,3005.0
NH,2018,29.6,27.9,31.4,5235.0
NJ,2018,25.7,23.3,28.2,2767.0
NM,2018,32.3,30.7,34.0,6269.0
NY,2018,27.6,26.7,28.6,32076.0
NC,2018,33.0,31.2,34.8,4294.0
ND,2018,35.1,33.3,37.0,5224.0
OH,2018,34.0,32.7,35.3,11907.0
OK,2018,34.8,33.1,36.6,4855.0
OR,2018,29.9,28.4,31.4,5471.0
PA,2018,30.9,29.4,32.5,5754.0
RI,2018,27.7,26.0,29.5,5141.0
SC,2018,34.3,33.0,35.6,10082.0
SD,2018,30.1,28.1,32.1,6630.0
TN,2018,34.4,32.5,36.3,4756.0
TX,2018,34.8,32.8,36.8,10187.0
UT,2018,27.8,26.7,28.9,9727.0
VT,2018,27.5,25.9,29.2,6021.0
VA,2018,30.4,29.1,31.6,9517.0
WA,2018,28.7,27.6,29.8,11864.0
WV,2018,39.5,37.8,41.3,4622.0
WI,2018,32.0,30.2,33.8,4585.0
WY,2018,29.0,27.3,30.8,4175.0
AL,2019,36.1,34.6,37.7,6521.0
AK,2019,30.5,27.8,33.4,2729.0
AZ,2019,31.4,29.7,33.2,8183.0
AR,2019,37.4,35.5,39.4,4922.0
CA,2019,26.2,25.1,27.2,10546.0
CO,2019,23.8,22.7,24.9,8644.0
CT,2019,29.1,27.8,30.5,8259.0
DE,2019,34.4,32.1,36.6,3401.0
DC,2019,23.8,21.7,25.9,2367.0
FL,2019,27.0,25.6,28.5,15091.0
GA,2019,33.1,31.3,35.0,6470.0
HI,2019,25.0,23.7,26.3,7341.0
ID,2019,29.5,27.6,31.4,4925.0
IL,2019,31.6,30.1,33.1,5188.0
IN,2019,35.3,34.0,36.7,8017.0
IA,2019,33.9,32.8,35.1,8938.0
KS,2019,35.2,34.1,36.4,10294.0
KY,2019,36.5,34.7,38.2,7468.0
LA,2019,35.9,34.1,37.7,4298.0
ME,2019,31.7,30.3,33.1,10455.0
MD,2019,32.3,31.1,33.4,15864.0
MA,2019,25.2,23.9,26.5,6787.0
MI,2019,36.0,34.7,37.3,9857.0
MN,2019,30.1,29.2,31.1,14139.0
MS,2019,40.8,39.0,42.7,4737.0
MO,2019,34.8,33.2,36.4,6726.0
MT,2019,28.3,27.0,29.7,6043.0
NE,2019,34.1,33.0,35.2,14710.0
NV,2019,30.6,28.2,33.1,2580.0
NH,2019,31.8,30.0,33.6,5220.0
NJ,2019,,,,
NM,2019,31.7,30.0,33.5,5558.0
NY,2019,27.1,26.0,28.2,12631.0
NC,2019,34.0,32.2,35.8,3871.0
ND,2019,34.8,33.0,36.7,5174.0
OH,2019,34.8,33.5,36.1,12385.0
OK,2019,36.8,35.2,38.4,5748.0
OR,2019,29.0,27.5,30.4,5548.0
PA,2019,33.2,31.7,34.7,6138.0
RI,2019,30.0,28.2,31.9,5464.0
SC,2019,35.4,33.8,36.9,6627.0
SD,2019,33.0,30.6,35.5,6166.0
TN,2019,36.5,34.8,38.3,5673.0
TX,2019,34.0,32.2,35.7,11082.0
UT,2019,29.2,28.2,30.3,10846.0
VT,2019,26.6,25.0,28.3,5864.0
VA,2019,31.9,30.6,33.2,9034.0
WA,2019,28.3,27.3,29.4,11676.0
WV,2019,39.7,38.0,41.5,4988.0
WI,2019,34.2,32.4,36.1,4574.0
WY,2019,29.7,27.7,31.7,4306.0
AL,2020,39.0,37.3,40.8,4973.0
AK,2020,31.9,29.4,34.4,3335.0
AZ,2020,30.9,29.5,32.3,9167.0
AR,2020,36.4,34.5,38.4,4696.0
CA,2020,30.3,28.3,32.2,4354.0
CO,2020,24.2,23.1,25.2,9211.0
CT,2020,29.2,27.7,30.8,7930.0
DE,2020,36.5,34.3,38.8,3520.0
DC,2020,24.3,22.3,26.4,3126.0
FL,2020,28.4,26.7,30.2,10591.0
GA,2020,34.3,32.5,36.0,8072.0
HI,2020,24.5,23.2,25.9,7383.0
ID,2020,31.1,29.4,32.9,5378.0
IL,2020,32.4,30.2,34.6,3271.0
IN,2020,36.8,35.4,38.1,7482.0
IA,2020,36.5,35.3,37.7,8692.0
KS,2020,35.3,34.0,36.5,9592.0
KY,2020,36.6,34.6,38.6,3660.0
LA,2020,38.1,36.2,40.1,4320.0
ME,2020,31.0,29.6,32.5,9682.0
MD,2020,31.0,29.8,32.2,12562.0
MA,2020,24.4,23.0,25.9,6124.0
MI,2020,35.2,33.7,36.7,6757.0
MN,2020,30.7,29.8,31.7,14247.0
MS,2020,39.7,38.1,41.3,6075.0
MO,2020,34.0,32.7,35.4,8439.0
MT,2020,28.5,27.1,30.0,5852.0
NE,2020,34.0,32.8,35.2,13601.0
NV,2020,28.7,26.2,31.3,2280.0
NH,2020,29.9,28.2,31.6,5596.0
NJ,2020,27.7,26.5,28.9,9392.0
NM,2020,30.9,29.0,32.8,6485.0
NY,2020,26.3,25.3,27.4,12583.0
NC,2020,33.6,32.0,35.2,5160.0
ND,2020,33.1,31.1,35.1,4076.0
OH,2020,35.5,34.3,36.7,13190.0
OK,2020,36.4,34.7,38.2,4530.0
OR,2020,28.1,26.6,29.6,4830.0
PA,2020,31.5,29.8,33.2,5025.0
RI,2020,30.1,28.2,32.1,4671.0
SC,2020,36.2,34.2,38.3,3704.0
SD,2020,33.2,30.7,35.8,6231.0
TN,2020,35.6,33.6,37.6,4152.0
TX,2020,35.8,33.9,37.7,9642.0
UT,2020,28.6,27.4,29.7,9881.0
VT,2020,26.3,24.6,27.9,5856.0
VA,2020,32.2,30.8,33.6,8568.0
WA,2020,28.0,27.0,29.1,11388.0
WV,2020,39.1,37.5,40.7,5467.0
WI,2020,32.3,30.4,34.2,4632.0
WY,2020,30.7,28.7,32.7,4410.0
AL,2021,39.9,37.9,41.8,4247.0
AK,2021,33.5,31.5,35.5,5012.0
AZ,2021,31.3,30.0,32.6,9679.0
AR,2021,38.7,36.6,40.8,4782.0
CA,2021,27.6,26.1,29.1,6148.0
CO,2021,25.1,24.1,26.2,9304.0
CT,2021,30.4,28.9,31.9,7074.0
DE,2021,33.9,31.8,36.1,3215.0
DC,2021,24.7,22.6,26.9,2822.0
FL,2021,,,,
GA,2021,33.9,32.2,35.6,7076.0
HI,2021,25.0,23.6,26.4,7314.0
ID,2021,31.6,30.2,33.0,6177.0
IL,2021,34.2,31.8,36.6,2814.0
IN,2021,36.3,35.1,37.5,8664.0
IA,2021,36.4,35.1,37.7,8637.0
KS,2021,36.0,35.1,37.0,15933.0
KY,2021,40.3,38.5,42.2,4986.0
LA,2021,38.6,36.7,40.6,4590.0
ME,2021,31.9,30.6,33.2,10794.0
MD,2021,34.3,33.2,35.5,13530.0
MA,2021,27.4,25.9,28.8,6686.0
MI,2021,34.4,33.1,35.7,8320.0
MN,2021,32.4,31.5,33.3,14380.0
MS,2021,39.1,37.1,41.1,4110.0
MO,2021,37.3,35.9,38.7,11225.0
MT,2021,31.8,30.3,33.3,5787.0
NE,2021,35.9,34.8,37.1,13699.0
NV,2021,31.3,28.7,34.1,2469.0
NH,2021,30.6,29.0,32.3,5657.0
NJ,2021,28.2,26.8,29.6,6665.0
NM,2021,34.6,32.9,36.3,5907.0
NY,2021,29.1,28.3,30.0,33121.0
NC,2021,36.0,34.2,37.9,4478.0
ND,2021,35.2,33.6,36.9,5386.0
OH,2021,37.8,36.6,39.0,12922.0
OK,2021,39.4,37.7,41.2,4952.0
OR,2021,30.4,28.9,31.9,4839.0
PA,2021,33.3,31.7,34.9,5752.0
RI,2021,30.1,28.4,31.8,4941.0
SC,2021,36.1,34.6,37.5,8806.0
SD,2021,38.4,35.6,41.4,6690.0
TN,2021,35.0,33.1,36.8,4349.0
TX,2021,36.1,34.4,37.8,9527.0
UT,2021,30.9,29.8,32.1,9495.0
VT,2021,29.0,27.4,30.7,5912.0
VA,2021,34.2,32.9,35.6,8823.0
WA,2021,28.8,27.7,29.9,11669.0
WV,2021,40.6,39.1,42.1,6261.0
WI,2021,33.9,32.1,35.7,5588.0
WY,2021,32.0,29.9,34.1,3990.0
AL,2022,38.3,36.3,40.3,4208.0
AK,2022,32.1,30.4,33.9,5273.0
AZ,2022,33.2,31.6,34.9,9180.0
AR,2022,37.4,35.6,39.2,4652.0
CA,2022,28.1,26.8,29.4,9466.0
CO,2022,25.0,23.9,26.2,8388.0
CT,2022,30.6,29.1,32.1,8212.0
DE,2022,37.9,35.6,40.2,3550.0
DC,2022,24.3,22.2,26.5,2882.0
FL,2022,31.6,29.9,33.4,11805.0
GA,2022,37.0,35.4,38.7,8018.0
HI,2022,25.9,24.4,27.4,7280.0
ID,2022,33.2,31.7,34.7,5697.0
IL,2022,33.4,31.5,35.3,3730.0
IN,2022,37.7,36.4,38.9,8834.0
IA,2022,37.4,36.0,38.8,8114.0
KS,2022,35.7,34.4,37.0,10179.0
KY,2022,37.7,35.6,39.9,3680.0
LA,2022,40.1,38.3,41.9,5117.0
ME,2022,33.1,31.8,34.5,9780.0
MD,2022,33.2,31.9,34.4,14263.0
MA,2022,27.2,26.0,28.5,9701.0
MI,2022,34.5,33.2,35.8,8750.0
MN,2022,33.6,32.6,34.7,15208.0
MS,2022,39.5,37.5,41.4,3935.0
MO,2022,36.4,34.9,38.0,6846.0
MT,2022,30.5,29.1,32.0,6532.0
NE,2022,35.3,33.7,36.9,6853.0
NV,2022,33.5,31.0,36.2,2906.0
NH,2022,30.2,28.6,32.0,5928.0
NJ,2022,29.1,27.6,30.7,6760.0
NM,2022,32.4,30.5,34.4,4445.0
NY,2022,30.1,29.1,31.2,15006.0
NC,2022,34.1,32.1,36.1,4035.0
ND,2022,35.4,33.6,37.3,3796.0
OH,2022,38.1,37.0,39.3,14868.0
OK,2022,40.0,38.4,41.6,5278.0
OR,2022,30.9,29.4,32.4,5274.0
PA,2022,33.4,31.2,35.5,4190.0
RI,2022,30.8,29.1,32.7,5120.0
SC,2022,35.0,33.6,36.4,8809.0
SD,2022,36.8,33.5,40.1,6834.0
TN,2022,38.9,37.1,40.8,4710.0
TX,2022,35.5,34.0,37.1,12204.0
UT,2022,31.1,29.9,32.4,8719.0
VT,2022,26.8,25.4,28.3,7768.0
VA,2022,35.2,33.8,36.6,9378.0
WA,2022,31.7,30.9,32.5,22869.0
WV,2022,41.0,39.3,42.8,4640.0
WI,2022,37.7,36.4,39.0,10080.0
WY,2022,34.3,32.3,36.2,3799.0
AL,2023,39.2,37.3,41.3,4077.0
AK,2023,35.2,33.3,37.0,5075.0
AZ,2023,31.9,30.5,33.3,10990.0
AR,2023,40.0,38.2,41.9,4901.0
CA,2023,27.7,26.4,29.0,10538.0
CO,2023,24.9,23.7,26.1,7958.0
CT,2023,29.4,27.9,30.9,8340.0
DE,2023,35.7,33.5,38.0,3899.0
DC,2023,23.5,21.4,25.8,2888.0
FL,2023,30.1,28.4,31.8,11943.0
GA,2023,35.0,33.4,36.7,7373.0
HI,2023,26.1,24.6,27.7,7388.0
ID,2023,31.0,29.4,32.5,6296.0
IL,2023,36.0,34.1,37.9,4903.0
IN,2023,37.8,36.6,39.1,9807.0
IA,2023,37.8,36.4,39.2,8171.0
KS,2023,35.9,34.6,37.3,9085.0
KY,2023,,,,
LA,2023,39.9,38.1,41.7,4912.0
ME,2023,32.6,31.4,33.9,11304.0
MD,2023,34.1,32.8,35.3,15316.0
MA,2023,27.4,26.0,28.8,8436.0
MI,2023,35.4,34.0,36.8,9087.0
MN,2023,33.3,32.1,34.4,14412.0
MS,2023,40.1,37.9,42.2,3837.0
MO,2023,35.3,33.7,36.9,6585.0
MT,2023,30.5,29.0,31.9,6705.0
NE,2023,36.6,35.4,37.8,11839.0
NV,2023,30.8,27.9,33.8,2447.0
NH,2023,32.8,31.0,34.6,6290.0
NJ,2023,28.9,27.5,30.3,8296.0
NM,2023,35.3,32.7,38.0,3029.0
NY,2023,28.0,27.0,29.1,15370.0
NC,2023,34.0,31.9,36.2,3722.0
ND,2023,35.6,33.9,37.3,5077.0
OH,2023,36.4,35.2,37.7,12121.0
OK,2023,38.7,37.2,40.2,6197.0
OR,2023,33.6,32.0,35.3,5721.0
PA,2023,,,,
RI,2023,31.6,29.7,33.5,5171.0
SC,2023,36.0,34.5,37.4,8943.0
SD,2023,36.0,33.0,39.2,5449.0
TN,2023,37.6,35.8,39.4,5141.0
TX,2023,34.4,32.7,36.2,9002.0
UT,2023,30.2,29.0,31.4,10000.0
VT,2023,28.8,27.2,30.4,6998.0
VA,2023,34.3,32.6,36.0,6412.0
WA,2023,30.6,29.8,31.4,23955.0
WV,2023,41.2,39.3,43.0,4095.0
WI,2023,35.9,34.7,37.2,11403.0
WY,2023,33.3,31.5,35.2,4124.0
AL,2024,38.9,37.1,40.7,4803.0
AK,2024,34.0,32.0,36.0,5074.0
AZ,2024,33.3,31.4,35.3,7755.0
AR,2024,38.9,37.2,40.7,4870.0
CA,2024,29.1,27.6,30.5,7451.0
CO,2024,25.0,24.0,26.0,9866.0
CT,2024,32.0,30.4,33.6,6311.0
DE,2024,36.6,34.5,38.9,3921.0
DC,2024,25.5,23.5,27.5,2901.0
FL,2024,29.6,28.1,31.3,11860.0
GA,2024,35.4,33.7,37.1,6551.0
HI,2024,27.0,25.4,28.6,6251.0
ID,2024,32.7,30.8,34.7,3932.0
IL,2024,34.2,33.1,35.3,11116.0
IN,2024,38.4,37.3,39.5,11576.0
IA,2024,36.6,35.3,38.0,8067.0
KS,2024,37.6,36.3,38.8,10027.0
KY,2024,37.2,35.5,38.9,6709.0
LA,2024,39.2,37.4,41.1,4196.0
ME,2024,33.2,32.1,34.4,11275.0
MD,2024,32.7,31.5,33.8,12984.0
MA,2024,27.0,25.8,28.2,8302.0
MI,2024,36.1,34.8,37.5,10330.0
MN,2024,32.3,31.4,33.3,13528.0
MS,2024,40.4,38.1,42.7,2824.0
MO,2024,34.6,33.1,36.2,6739.0
MT,2024,31.0,29.5,32.4,6402.0
NE,2024,37.6,36.4,38.9,11750.0
NV,2024,34.2,31.3,37.3,2472.0
NH,2024,31.1,29.3,32.9,6331.0
NJ,2024,27.7,26.3,29.0,7616.0
NM,2024,34.5,32.1,37.1,3144.0
NY,2024,29.5,28.8,30.2,39198.0
NC,2024,34.5,32.7,36.3,3902.0
ND,2024,36.8,35.2,38.5,5234.0
OH,2024,36.9,35.5,38.4,9214.0
OK,2024,36.8,35.4,38.2,6511.0
OR,2024,33.5,32.1,35.0,5653.0
PA,2024,34.2,32.0,36.5,3251.0
RI,2024,31.1,29.3,32.9,4836.0
SC,2024,34.6,32.9,36.4,8446.0
SD,2024,37.0,33.8,40.3,5382.0
TX,2024,35.6,34.0,37.3,10884.0
UT,2024,31.0,29.9,32.1,11656.0
VT,2024,29.0,27.5,30.5,5959.0
VA,2024,32.3,30.7,34.0,6288.0
WA,2024,31.5,30.7,32.2,22905.0
WV,2024,41.4,39.8,43.0,5473.0
WI,2024,37.4,36.1,38.7,11738.0
WY,2024,32.5,30.7,34.3,4278.0
TN,2024,,,,
