state,year,income_pc_nominal,income_pc_real,unemployment_rate
AL,2011,34884.0,48647.46955436099,9.558333333333334
AL,2012,35559.0,48583.43542566277,8.174999999999999
AL,2013,35706.0,48079.98676294096,7.358333333333333
AL,2014,36722.0,48658.73051786905,6.766666666666667
AL,2015,38189.0,50542.631356259946,6.083333333333333
AL,2016,38704.0,50586.04196680238,5.8
AL,2017,39968.0,51148.56642693107,4.508333333333334
AL,2018,41324.0,51622.957354804494,3.9250000000000003
AL,2019,42998.0,52758.07223403454,3.1916666666666664
AL,2020,45873.0,55599.79515888997,6.408333333333334
AL,2021,50630.0,58611.95071282556,3.391666666666667
AL,2022,51690.0,55405.10297822321,2.5416666666666665
AL,2023,54610.0,56220.73571436972,2.475
AL,2024,57251.0,57251.0,2.983333333333333
AK,2011,52415.0,73095.3192492785,7.608333333333333
AK,2012,53340.0,72877.20255363909,7.133333333333333
AK,2013,52252.0,70360.03664194226,6.925000000000001
AK,2014,55098.0,73007.97162664204,6.741666666666667
AK,2015,56714.0,75060.22139199577,6.283333333333334
AK,2016,55536.0,72585.4285517863,6.625
AK,2017,56500.0,72305.19423342688,6.608333333333333
AK,2018,58997.0,73700.50370393478,6.091666666666666
AK,2019,60504.0,74237.74134722605,5.6000000000000005
AK,2020,61912.0,75039.6642442656,8.283333333333333
AK,2021,65788.0,76159.64869633355,6.408333333333334
AK,2022,69233.0,74208.96681159464,4.366666666666666
AK,2023,72581.0,74721.79488893368,4.25
AK,2024,76606.0,76606.0,4.541666666666667
AZ,2011,35263.0,49176.00386697144,9.5
AZ,2012,36364.0,49683.28822010745,8.391666666666667
AZ,2013,36918.0,49712.00782261396,7.841666666666666
AZ,2014,38268.0,50707.26810788663,6.816666666666666
AZ,2015,39888.0,52791.23516034714,6.108333333333333
AZ,2016,41173.0,53813.01947858501,5.5
AZ,2017,43255.0,55355.06507198017,4.958333333333333
AZ,2018,45297.0,56586.1266891051,4.808333333333334
AZ,2019,47718.0,58549.460227537566,4.816666666666666
AZ,2020,52080.0,63122.91177544503,7.825
AZ,2021,57175.0,66188.78692486275,5.033333333333333
AZ,2022,59120.0,63369.11758701018,3.725
AZ,2023,63209.0,65073.36538673495,3.691666666666667
AZ,2024,66024.0,66024.0,3.6999999999999997
AR,2011,34181.0,47667.1011592023,7.883333333333333
AR,2012,36289.0,49580.81746286105,7.258333333333333
AR,2013,36286.0,48860.9869400122,7.041666666666667
AR,2014,38220.0,50643.66538840355,5.875
AR,2015,39267.0,51969.34995591032,4.95
AR,2016,40181.0,52516.477683652505,3.975
AR,2017,41403.0,52984.99038666501,3.7416666666666667
AR,2018,43031.0,53755.383746360276,3.65
AR,2019,43737.0,53664.8170914919,3.4916666666666667
AR,2020,47131.0,57124.53830431066,6.158333333333334
AR,2021,53349.0,61759.60810939227,4.041666666666667
AR,2022,53714.0,57574.57344500448,3.1750000000000003
AR,2023,56540.0,58207.661550823366,3.158333333333333
AR,2024,59172.0,59172.0,3.4916666666666667
CA,2011,45508.0,63463.16490310343,11.733333333333334
CA,2012,47793.0,65298.4653476954,10.391666666666667
CA,2013,48074.0,64734.14226297046,9.025
CA,2014,50617.0,67070.39275156522,7.566666666666666
CA,2015,53816.0,71224.75710462399,6.216666666666666
CA,2016,55862.0,73011.50982713711,5.516666666666667
CA,2017,58214.0,74498.66508149933,4.833333333333333
CA,2018,60984.0,76182.71298338489,4.258333333333334
CA,2019,64219.0,78796.00541414633,4.091666666666667
CA,2020,70090.0,84951.70672697661,10.166666666666666
CA,2021,77113.0,89270.06429622984,7.3500000000000005
CA,2022,77230.0,82780.73327545324,4.283333333333333
CA,2023,81231.0,83626.92881915339,4.716666666666667
CA,2024,86378.0,86378.0,5.291666666666667
CO,2011,43735.0,60990.62839582554,8.691666666666666
CO,2012,45495.0,62158.76134566573,7.991666666666667
CO,2013,47088.0,63406.44196194936,6.7250000000000005
CO,2014,50251.0,66585.42201550672,4.95
CO,2015,51401.0,68028.5368651475,3.6999999999999997
CO,2016,51312.0,67064.66994110592,3.1166666666666667
CO,2017,54176.0,69331.08323522362,2.6166666666666667
CO,2018,57798.0,72202.68340898727,3.025
CO,2019,61278.0,75187.43081904201,2.6666666666666665
CO,2020,64707.0,78427.30899104687,6.791666666666667
CO,2021,71924.0,83263.0049984054,5.508333333333333
CO,2022,76653.0,82162.26269277894,3.0666666666666664
CO,2023,80021.0,82381.23956417468,3.283333333333333
CO,2024,82625.0,82625.0,4.125
CT,2011,62964.0,87806.42337520885,9.008333333333333
CT,2012,63556.0,86835.08596736193,8.383333333333335
CT,2013,62000.0,83486.22582485687,7.95
CT,2014,64484.0,85444.95339889625,6.616666666666667
CT,2015,66222.0,87643.93238037777,5.608333333333333
CT,2016,67551.0,88289.00684424007,4.875
CT,2017,69147.0,88490.0401001552,4.408333333333333
CT,2018,72159.0,90142.79788416749,3.9
CT,2019,74176.0,91013.13470467803,3.5833333333333335
CT,2020,76832.0,93123.26339345223,8.008333333333333
CT,2021,82126.0,95073.3767379323,6.441666666666666
CT,2022,85393.0,91530.43061751623,4.0
CT,2023,90276.0,92938.71337393226,3.1999999999999997
CT,2024,95083.0,95083.0,3.3083333333333336
DE,2011,43779.0,61051.988579875295,7.433333333333334
DE,2012,43771.0,59803.300205761836,6.958333333333333
DE,2013,43943.0,59171.53582938202,6.533333333333334
DE,2014,45359.0,60103.244854856006,5.616666666666667
DE,2015,47238.0,62518.861976145155,4.808333333333334
DE,2016,48186.0,62978.99488973593,4.533333333333333
DE,2017,49997.0,63983.0583378521,4.3999999999999995
DE,2018,52670.0,65796.65966212256,3.6916666666666664
DE,2019,53778.0,65985.01345648424,3.5500000000000003
DE,2020,55520.0,67292.32069456045,7.5249999999999995
DE,2021,59869.0,69307.50300663941,5.483333333333333
DE,2022,64087.0,68693.10958725847,4.208333333333333
DE,2023,64658.0,66565.10400695326,3.891666666666666
DE,2024,68177.0,68177.0,3.9166666666666665
DC,2011,66985.0,93413.90746757457,10.083333333333334
DC,2012,67522.0,92253.73961055152,8.958333333333334
DC,2013,67081.0,90328.05668640682,8.416666666666666
DC,2014,70527.0,93452.270770485,7.716666666666666
DC,2015,74784.0,98975.62500580125,6.883333333333333
DC,2016,77500.0,101292.32772910253,6.233333333333333
DC,2017,79567.0,101824.90954993055,6.108333333333333
DC,2018,82272.0,102776.20626015088,5.716666666666666
DC,2019,83675.0,102668.30304160288,5.516666666666667
DC,2020,90736.0,109975.43246652803,7.966666666666666
DC,2021,98087.0,113550.66975249695,6.8500000000000005
DC,2022,101182.0,108454.22962937862,4.7
DC,2023,107384.0,110551.31814597835,4.858333333333333
DC,2024,112944.0,112944.0,5.308333333333334
FL,2011,40437.0,56391.4036913684,10.183333333333334
FL,2012,41211.0,56305.63169175141,8.674999999999999
FL,2013,40743.0,54862.569335195854,7.516666666666667
FL,2014,42877.0,56814.45423491834,6.441666666666666
FL,2015,44957.0,59499.98894664376,5.5
FL,2016,45730.0,59769.00834905625,4.908333333333334
FL,2017,48447.0,61999.46451374924,4.283333333333333
FL,2018,51015.0,63729.19294974715,3.641666666666667
FL,2019,53666.0,65847.59069053672,3.2416666666666667
FL,2020,56599.0,68600.10913168995,8.066666666666666
FL,2021,62604.0,72473.68284467176,4.7250000000000005
FL,2022,65328.0,70023.30368275035,3.0083333333333333
FL,2023,69983.0,72047.16622411163,2.9250000000000003
FL,2024,73340.0,73340.0,3.358333333333333
GA,2011,36760.0,51263.64467430083,10.033333333333333
GA,2012,37250.0,50893.80943237825,9.041666666666666
GA,2013,37484.0,50474.15627127314,8.133333333333333
GA,2014,39550.0,52405.990740747264,7.1499999999999995
GA,2015,41527.0,54960.42976593802,6.05
GA,2016,42742.0,55863.698990932906,5.45
GA,2017,44836.0,57378.33077256509,4.758333333333334
GA,2018,46624.0,58243.84773280429,4.016666666666667
GA,2019,48529.0,59544.54829167548,3.6
GA,2020,51497.0,62416.29392665308,6.55
GA,2021,56257.0,65126.06184577182,3.9166666666666665
GA,2022,57405.0,61530.85580315154,3.1166666666666667
GA,2023,60010.0,61780.01007543173,3.225
GA,2024,62875.0,62875.0,3.4
HI,2011,42758.0,59628.15339999333,6.708333333333333
HI,2012,43523.0,59464.46356846707,5.808333333333334
HI,2013,43548.0,58639.64777775591,4.716666666666667
HI,2014,45445.0,60217.19972726319,4.2250000000000005
HI,2015,47150.0,62402.3951516839,3.4166666666666665
HI,2016,48561.0,63469.119056167074,2.908333333333333
HI,2017,50506.0,64634.44495492846,2.2333333333333334
HI,2018,51554.0,64402.52500894373,2.4
HI,2019,53940.0,66183.78567151549,2.5083333333333333
HI,2020,57030.0,69122.49728405588,11.741666666666667
HI,2021,61269.0,70928.21663488266,5.966666666666666
HI,2022,63296.0,67845.25823388694,3.2416666666666667
HI,2023,67571.0,69564.0236761706,2.8666666666666667
HI,2024,71573.0,71573.0,2.766666666666666
ID,2011,33447.0,46643.501725281276,8.441666666666666
ID,2012,34812.0,47562.82668348863,7.5249999999999995
ID,2013,35699.0,48070.56089873492,6.8999999999999995
ID,2014,37107.0,49168.8773303896,4.408333333333333
ID,2015,38813.0,51368.48702062158,3.908333333333333
ID,2016,39653.0,51826.382857317454,3.7083333333333335
ID,2017,41197.0,52721.36436875199,3.1833333333333336
ID,2018,43254.0,54033.96083207612,2.875
ID,2019,45880.0,56294.25447922007,2.8833333333333333
ID,2020,49726.0,60269.775555794535,5.55
ID,2021,55603.0,64368.95705086391,3.5500000000000003
ID,2022,57074.0,61176.065919503024,2.858333333333333
ID,2023,59220.0,60966.7088263134,3.1833333333333336
ID,2024,62346.0,62346.0,3.5666666666666664
IL,2011,44075.0,61464.775272573694,9.766666666666667
IL,2012,45934.0,62758.55684474799,9.033333333333333
IL,2013,46735.0,62931.10909555944,9.075000000000001
IL,2014,48536.0,64312.94985064246,7.158333333333334
IL,2015,50688.0,67084.89088968301,5.991666666666667
IL,2016,51347.0,67110.41486330617,5.883333333333333
IL,2017,53056.0,67897.77673006542,4.958333333333333
IL,2018,56077.0,70052.76787303678,4.391666666666667
IL,2019,57738.0,70843.88982391475,3.975
IL,2020,61597.0,74657.87243917218,9.333333333333334
IL,2021,66852.0,77391.39105379842,6.1000000000000005
IL,2022,68110.0,73005.25370181433,4.566666666666666
IL,2023,71812.0,73930.11304010838,4.4750000000000005
IL,2024,74564.0,74564.0,4.983333333333333
IN,2011,37681.0,52548.024890433335,8.908333333333333
IN,2012,39148.0,53487.00272909379,8.216666666666667
IN,2013,39435.0,53101.279280697265,7.508333333333333
IN,2014,40719.0,53954.98197149147,5.95
IN,2015,42146.0,55779.667997091616,4.8
IN,2016,43143.0,56387.805099569945,4.391666666666667
IN,2017,44568.0,57035.36100168795,3.525
IN,2018,46555.0,58157.651235430334,3.4333333333333336
IN,2019,48270.0,59226.758145421816,3.3166666666666664
IN,2020,51776.0,62754.452382592965,7.383333333333333
IN,2021,57389.0,66436.52457946565,3.9166666666666665
IN,2022,58697.0,62915.715409417055,3.0666666666666664
IN,2023,61375.0,63185.27109447796,3.4166666666666665
IN,2024,63980.0,63980.0,4.0249999999999995
IA,2011,40879.0,57007.79463114101,5.583333333333333
IA,2012,42539.0,58120.04723339432,5.008333333333334
IA,2013,43009.0,57913.856233891434,4.7250000000000005
IA,2014,44120.0,58461.49965819897,4.258333333333334
IA,2015,45442.0,60141.87996782227,3.716666666666667
IA,2016,45669.0,59689.28148465011,3.6
IA,2017,46767.0,59849.50475601194,3.091666666666667
IA,2018,48773.0,60928.43139739327,2.5833333333333335
IA,2019,49674.0,60949.450675692635,2.6583333333333337
IA,2020,52677.0,63846.49814890778,5.216666666666667
IA,2021,58242.0,67424.00224010243,3.8833333333333333
IA,2022,61226.0,65626.48162013337,2.85
IA,2023,62760.0,64611.12201856516,2.9583333333333335
IA,2024,65448.0,65448.0,3.141666666666667
KS,2011,42889.0,59810.83940250512,6.3500000000000005
KS,2012,44913.0,61363.58826943367,5.683333333333334
KS,2013,45669.0,61495.68463218368,5.316666666666666
KS,2014,46289.0,61335.54754484071,4.5249999999999995
KS,2015,46597.0,61670.50703887624,4.175
KS,2016,46717.0,61059.01515510301,4.05
KS,2017,48271.0,61774.23063436724,3.641666666666667
KS,2018,50282.0,62813.511318223784,3.3083333333333336
KS,2019,52156.0,63994.83732820842,3.15
KS,2020,55229.0,66939.61778890272,5.825
KS,2021,59197.0,68529.56046508266,3.4333333333333336
KS,2022,61860.0,66306.04895014293,2.783333333333333
KS,2023,63550.0,65424.423267683494,2.891666666666666
KS,2024,65975.0,65975.0,3.516666666666667
KY,2011,34607.0,48261.179304774996,9.375
KY,2012,35630.0,48680.441075856026,8.191666666666666
KY,2013,35758.0,48150.00746847148,7.916666666666667
KY,2014,37225.0,49325.23401578551,6.441666666666666
KY,2015,38766.0,51306.28314846614,5.25
KY,2016,39319.0,51389.84559974945,5.075
KY,2017,40403.0,51705.25243563091,4.75
KY,2018,41658.0,52040.19837107844,4.2
KY,2019,43466.0,53332.30307745815,4.083333333333333
KY,2020,47086.0,57069.99661786875,6.449999999999999
KY,2021,51929.0,60115.74142931698,4.458333333333333
KY,2022,52606.0,56386.93842662817,4.041666666666667
KY,2023,55675.0,57317.14815780139,4.25
KY,2024,58310.0,58310.0,4.816666666666667
LA,2011,38966.0,54340.021174613874,7.341666666666666
LA,2012,40662.0,55555.545748707766,6.716666666666666
LA,2013,40996.0,55203.24699864245,6.375
LA,2014,42533.0,56358.63474528959,6.241666666666667
LA,2015,42484.0,56227.006481954166,6.266666666666667
LA,2016,42132.0,55066.43034687159,6.041666666666667
LA,2017,43486.0,55650.68453866905,5.125
LA,2018,45465.0,56795.99642184169,4.825
LA,2019,47015.0,57686.886973420485,4.633333333333334
LA,2020,50181.0,60821.252607596136,8.683333333333334
LA,2021,55112.0,63800.54962838717,5.608333333333333
LA,2022,55297.0,59271.34802450781,3.6333333333333333
LA,2023,58859.0,60595.06104032388,3.716666666666667
LA,2024,61667.0,61667.0,4.2749999999999995
ME,2011,39502.0,55087.49978031097,7.7749999999999995
ME,2012,39992.0,54640.1403173066,7.208333333333333
ME,2013,39950.0,53794.75357585535,6.683333333333334
ME,2014,41137.0,54508.85565365664,5.575
ME,2015,42939.0,56829.19290388452,4.391666666666667
ME,2016,44234.0,57813.73967444028,3.7916666666666665
ME,2017,45905.0,58746.37064222054,3.375
ME,2018,47729.0,59624.24091538727,3.1750000000000003
ME,2019,49983.0,61328.590271030014,2.9
ME,2020,54331.0,65851.20813501735,5.116666666666667
ME,2021,59381.0,68742.56854193748,4.616666666666666
ME,2022,61587.0,66013.42768658992,2.8333333333333335
ME,2023,65337.0,67264.1312830942,2.6333333333333333
ME,2024,68764.0,68764.0,2.9916666666666667
MD,2011,51797.0,72233.48757330686,7.283333333333334
MD,2012,52481.0,71703.57081397698,6.866666666666667
MD,2013,51871.0,69847.00031872823,6.566666666666666
MD,2014,53075.0,70327.38201176134,5.733333333333333
MD,2015,55032.0,72834.11686081588,5.033333333333333
MD,2016,56606.0,73983.91617333649,4.25
MD,2017,58245.0,74538.33695798139,4.066666666666666
MD,2018,59915.0,74847.29188638832,3.8083333333333336
MD,2019,61723.0,75733.44091588711,3.3833333333333333
MD,2020,64863.0,78616.38683737886,6.516666666666667
MD,2021,69268.0,80188.27971510963,5.2
MD,2022,70886.0,75980.7724843167,3.0
MD,2023,75624.0,77854.54894091733,2.216666666666667
MD,2024,79486.0,79486.0,3.1666666666666665
MA,2011,54757.0,76361.35450029082,7.233333333333333
MA,2012,56259.0,76865.36442566893,6.7
MA,2013,56119.0,75567.15333976036,6.658333333333334
MA,2014,58129.0,77024.21835066745,5.758333333333333
MA,2015,61536.0,81442.07397781592,4.8
MA,2016,63476.0,82962.990902355,4.016666666666667
MA,2017,66069.0,84551.00668687222,3.8333333333333335
MA,2018,69191.0,86435.0992724876,3.4583333333333335
MA,2019,72381.0,88810.68948257255,3.0500000000000003
MA,2020,77596.0,94049.26002548833,9.341666666666667
MA,2021,84132.0,97395.62783668654,5.316666666666666
MA,2022,85405.0,91543.29309063945,3.641666666666667
MA,2023,89860.0,92510.44334908007,3.466666666666667
MA,2024,93575.0,93575.0,3.983333333333333
MI,2011,37689.0,52559.1812875333,10.141666666666667
MI,2012,39042.0,53342.17739218554,9.066666666666666
MI,2013,39292.0,52908.72234048832,8.733333333333333
MI,2014,40829.0,54100.7382036402,7.2250000000000005
MI,2015,42982.0,56886.102829473544,5.416666666666667
MI,2016,44080.0,57612.46201675922,4.991666666666666
MI,2017,45264.0,57926.05861560768,4.583333333333333
MI,2018,47089.0,58824.7371716288,4.166666666666667
MI,2019,48577.0,59603.44376279585,4.075
MI,2020,52820.0,64019.81950804543,10.075000000000001
MI,2021,57084.0,66083.44053902694,5.691666666666666
MI,2022,58052.0,62224.357479044564,4.1499999999999995
MI,2023,61335.0,63144.091284396025,3.9
MI,2024,63945.0,63945.0,4.683333333333334
MN,2011,45134.0,62941.603338680456,6.575
MN,2012,47399.0,64760.15230296098,5.658333333333334
MN,2013,47413.0,63844.071371515136,5.041666666666667
MN,2014,49357.0,65400.821365134325,4.241666666666666
MN,2015,51353.0,67965.00950635044,3.7583333333333333
MN,2016,51982.0,67940.35845179623,3.8666666666666667
MN,2017,53826.0,68883.17495236169,3.4416666666666664
MN,2018,56201.0,70207.67172338997,3.025
MN,2019,57903.0,71046.34300589102,3.275
MN,2020,61372.0,74385.1640069626,6.291666666666667
MN,2021,67730.0,78407.81002922526,3.6833333333333336
MN,2022,69467.0,74459.78503749722,2.4166666666666665
MN,2023,72674.0,74817.53794737419,2.7916666666666665
MN,2024,75548.0,75548.0,3.1333333333333333
MS,2011,32454.0,45258.71393524916,9.8
MS,2012,33441.0,45689.661241024456,8.825000000000001
MS,2013,33976.0,45750.45175202156,8.491666666666665
MS,2014,34623.0,45877.436597140135,7.6000000000000005
MS,2015,35100.0,46454.38112034157,6.45
MS,2016,35638.0,46578.78678206137,5.991666666666667
MS,2017,36579.0,46811.53451087649,5.208333333333333
MS,2018,37624.0,47000.82633620086,4.941666666666667
MS,2019,39142.0,48026.80272069817,5.491666666666667
MS,2020,42464.0,51467.95940154565,8.0
MS,2021,47035.0,54450.18964601521,5.408333333333334
MS,2022,46995.0,50372.66036876765,3.733333333333333
MS,2023,49673.0,51138.11765500617,3.1166666666666667
MS,2024,51948.0,51948.0,3.1750000000000003
MO,2011,38402.0,53553.49517906693,8.575000000000001
MO,2012,39983.0,54627.843826437034,7.141666666666667
MO,2013,40121.0,54025.013972888424,6.758333333333333
MO,2014,41380.0,54830.84442103974,6.166666666666667
MO,2015,42677.0,56482.43940378397,5.1000000000000005
MO,2016,43826.0,57280.4845813632,4.575
MO,2017,44781.0,57307.94518525821,3.7916666666666665
MO,2018,46680.0,58313.80431038316,3.233333333333333
MO,2019,48425.0,59416.94143758134,3.233333333333333
MO,2020,52204.0,63273.204422529416,6.216666666666666
MO,2021,56896.0,65865.8018518057,4.116666666666666
MO,2022,58527.0,62733.49704017159,2.6333333333333333
MO,2023,62456.0,64298.15546194241,3.1166666666666667
MO,2024,64940.0,64940.0,3.6999999999999997
MT,2011,38150.0,53202.068670418295,6.625
MT,2012,40217.0,54947.5525890458,5.783333333333334
MT,2013,40142.0,54053.291565506515,5.3
MT,2014,41850.0,55453.62104931158,4.641666666666667
MT,2015,43095.0,57035.65681997493,4.241666666666666
MT,2016,43301.0,56594.310748359596,4.266666666666667
MT,2017,45369.0,58060.43110046627,4.1
MT,2018,47208.0,58973.3948989839,3.725
MT,2019,49654.0,60924.91089605915,3.5
MT,2020,53572.0,64931.27169036369,5.825
MT,2021,59236.0,68574.70891615514,3.3833333333333333
MT,2022,62117.0,66581.52024953165,2.6583333333333337
MT,2023,66221.0,68174.2050859051,2.733333333333333
MT,2024,69220.0,69220.0,3.0
NE,2011,45607.0,63601.225317215394,4.366666666666666
NE,2012,46385.0,63374.74766498966,3.9166666666666665
NE,2013,45911.0,61821.550223306505,3.716666666666667
NE,2014,48187.0,63850.50507773422,3.233333333333333
NE,2015,49708.0,65787.87398090994,2.975
NE,2016,48688.0,63635.107773865086,3.108333333333334
NE,2017,49533.0,63389.259928572275,2.9583333333333335
NE,2018,51436.0,64255.116506188264,2.908333333333333
NE,2019,53513.0,65659.86137634053,3.1166666666666667
NE,2020,56911.0,68978.26482435392,4.266666666666667
NE,2021,63652.0,73686.902760671,2.658333333333333
NE,2022,66354.0,71123.04513478473,2.158333333333333
NE,2023,71506.0,73615.08749298153,2.3000000000000003
NE,2024,72696.0,72696.0,2.716666666666667
NV,2011,38595.0,53822.64325910339,12.983333333333334
NV,2012,39680.0,54213.86196716158,11.533333333333333
NV,2013,39331.0,52961.237869636214,9.966666666666667
NV,2014,41126.0,54494.28003044177,8.200000000000001
NV,2015,43799.0,57967.39141566497,6.866666666666667
NV,2016,44715.0,58442.40560524929,5.833333333333333
NV,2017,46991.0,60136.166057043585,5.008333333333334
NV,2018,49289.0,61573.031290798535,4.408333333333333
NV,2019,51942.0,63732.2616861301,4.108333333333333
NV,2020,54686.0,66281.48143917025,13.674999999999999
NV,2021,61024.0,70644.5917499401,6.841666666666666
NV,2022,62696.0,67202.1345777265,5.2250000000000005
NV,2023,66767.0,68736.30949352359,5.116666666666666
NV,2024,70104.0,70104.0,5.391666666666667
NH,2011,49086.0,68452.86350605905,5.491666666666667
NH,2012,50715.0,69290.72605001512,5.4750000000000005
NH,2013,50423.0,67897.19298010899,5.25
NH,2014,51988.0,68887.04542680073,4.316666666666666
NH,2015,54161.0,71681.35999597776,3.391666666666667
NH,2016,55677.0,72769.71523836441,2.891666666666666
NH,2017,57878.0,74068.67312995187,2.808333333333333
NH,2018,60335.0,75371.96621822982,2.6333333333333333
NH,2019,63946.0,78461.03742214924,2.5500000000000003
NH,2020,67564.0,81890.10006137035,6.75
NH,2021,73970.0,85631.56220082376,3.4583333333333335
NH,2022,75331.0,80745.24690370541,2.425
NH,2023,79305.0,81644.12096370794,2.2666666666666666
NH,2024,83222.0,83222.0,2.5833333333333335
NJ,2011,52854.0,73707.52654013863,9.4
NJ,2012,54235.0,74100.02025677945,9.450000000000001
NJ,2013,54365.0,73205.30108013457,8.416666666666666
NJ,2014,56367.0,74689.468522976,6.683333333333334
NJ,2015,58408.0,77302.20776287494,5.691666666666666
NJ,2016,59776.0,78127.09912690107,4.933333333333334
NJ,2017,61704.0,78964.95053060836,4.516666666666667
NJ,2018,64198.0,80197.72084657195,4.016666666666667
NJ,2019,67518.0,82843.84206469008,3.4583333333333335
NJ,2020,70462.0,85402.58466822979,9.483333333333333
NJ,2021,76340.0,88375.19884292125,6.7
NJ,2022,77416.0,82980.10160886298,3.8666666666666667
NJ,2023,81448.0,83850.32928884792,4.3
NJ,2024,84844.0,84844.0,4.641666666666667
NM,2011,35069.0,48905.46123729749,7.216666666666666
NM,2012,35694.0,48767.88278870629,6.95
NM,2013,34857.0,46936.76408995219,6.8999999999999995
NM,2014,36880.0,48868.08946950086,6.558333333333334
NM,2015,37752.0,49964.267693878486,6.608333333333333
NM,2016,38474.0,50285.43247805795,6.783333333333334
NM,2017,39196.0,50160.60872873274,6.116666666666667
NM,2018,40976.0,51188.22719413583,4.933333333333334
NM,2019,43223.0,53034.14475491128,4.966666666666667
NM,2020,46560.0,56432.464905236564,7.925
NM,2021,50855.0,58872.42254593608,7.083333333333333
NM,2022,53141.0,56960.390353371244,4.066666666666666
NM,2023,55505.0,57142.133964953144,3.658333333333333
NM,2024,58345.0,58345.0,4.091666666666667
NY,2011,50772.0,70804.0741948749,8.358333333333333
NY,2012,52625.0,71900.31466789008,8.65
NY,2013,52874.0,71197.5920042497,7.816666666666666
NY,2014,54496.0,72210.28751979173,6.291666666666667
NY,2015,56608.0,74919.93180798563,5.216666666666667
NY,2016,58400.0,76328.67018554307,4.875
NY,2017,62206.0,79607.37898202747,4.641666666666667
NY,2018,64229.0,80236.44680916025,4.1000000000000005
NY,2019,66460.0,81545.6877220786,3.891666666666667
NY,2020,70352.0,85269.26054581621,9.908333333333333
NY,2021,76410.0,88456.23452433341,7.05
NY,2022,77425.0,82989.7484637054,4.2749999999999995
NY,2023,81729.0,84139.61745467356,4.0249999999999995
NY,2024,84978.0,84978.0,4.1499999999999995
NC,2011,36822.0,51350.10675182549,10.35
NC,2012,38876.0,53115.37544948018,9.6
NC,2013,38074.0,51268.62196863871,7.7749999999999995
NC,2014,39880.0,52843.25943719345,6.116666666666667
NC,2015,41632.0,55099.395863306556,5.658333333333334
NC,2016,42596.0,55672.87731546905,5.1
NC,2017,44219.0,56588.73245677705,4.55
NC,2018,46048.0,57524.29436342167,4.008333333333334
NC,2019,48374.0,59354.36499951595,3.875
NC,2020,51814.0,62800.50980669947,7.325
NC,2021,57227.0,66248.98485962607,4.841666666666667
NC,2022,59120.0,63369.11758701018,3.6750000000000003
NC,2023,62287.0,64124.170764346214,3.475
NC,2024,65598.0,65598.0,3.641666666666667
ND,2011,48873.0,68155.8244332727,3.341666666666667
ND,2012,56056.0,76588.01024272201,2.9416666666666664
ND,2013,54337.0,73167.59762331044,2.891666666666666
ND,2014,56647.0,75060.48438662731,2.6666666666666665
ND,2015,52972.0,70107.73437910921,2.775
ND,2016,51298.0,67046.37197222582,3.016666666666667
ND,2017,51830.0,66328.81800209761,2.6
ND,2018,55173.0,68923.46883497793,2.3916666666666666
ND,2019,56657.0,69517.51473472475,2.15
ND,2020,60444.0,73260.39322878262,5.008333333333334
ND,2021,66157.0,76586.82250263481,3.1
ND,2022,71089.0,76198.36265465099,2.125
ND,2023,71725.0,73840.54695318015,2.066666666666667
ND,2024,72037.0,72037.0,2.4
OH,2011,38927.0,54285.63373875159,8.758333333333333
OH,2012,40279.0,55032.26174836949,7.391666666666667
OH,2013,40752.0,54874.68830346075,7.383333333333333
OH,2014,42277.0,56019.42024137982,5.816666666666666
OH,2015,43799.0,57967.39141566497,4.958333333333333
OH,2016,44574.0,58258.11891867118,5.058333333333334
OH,2017,46114.0,59013.835873986674,4.933333333333334
OH,2018,47821.0,59739.16957855255,4.4750000000000005
OH,2019,49395.0,60607.12074980549,4.125
OH,2020,52852.0,64058.604707293016,8.258333333333333
OH,2021,57537.0,66607.8571630228,5.258333333333334
OH,2022,58300.0,62490.181923590884,3.966666666666667
OH,2023,61822.0,63645.45547214365,3.6666666666666665
OH,2024,64587.0,64587.0,4.3500000000000005
OK,2011,39694.0,55355.25331070993,5.566666666666666
OK,2012,41905.0,57253.827765471426,5.075
OK,2013,43607.0,58719.09434749247,5.116666666666666
OK,2014,45884.0,60798.89959920221,4.341666666666667
OK,2015,44279.0,58602.665003635455,4.283333333333333
OK,2016,42053.0,54963.17752247676,4.6499999999999995
OK,2017,43873.0,56145.94312571925,4.033333333333333
OK,2018,46030.0,57501.808320628465,3.2916666666666665
OK,2019,48177.0,59112.6481701261,3.1166666666666667
OK,2020,49993.0,60593.38956201657,6.3
OK,2021,54574.0,63177.73253410512,4.016666666666667
OK,2022,57929.0,62092.517129531676,3.0083333333333333
OK,2023,60871.0,62666.40548744551,3.1333333333333333
OK,2024,63671.0,63671.0,3.1999999999999997
OR,2011,37531.0,52338.842444809154,9.458333333333334
OR,2012,39128.0,53459.67719382808,8.708333333333334
OR,2013,39462.0,53137.63618549196,7.75
OR,2014,41654.0,55193.909944755665,6.641666666666667
OR,2015,44166.0,58453.11101313407,5.458333333333333
OR,2016,45467.0,59425.26793366587,4.75
OR,2017,47566.0,60872.015378888194,4.066666666666666
OR,2018,50209.0,62722.31792245133,4.033333333333333
OR,2019,52190.0,64036.55495358535,3.725
OR,2020,56663.0,68677.67953018512,7.574999999999999
OR,2021,62647.0,72523.46190611066,5.1499999999999995
OR,2022,63691.0,68268.64797419257,3.9416666666666664
OR,2023,67518.0,69509.46042781202,3.7916666666666665
OR,2024,70940.0,70940.0,4.291666666666667
PA,2011,44119.0,61526.13545662346,7.7
PA,2012,45637.0,62352.772646052246,7.583333333333333
PA,2013,45902.0,61809.43125504161,7.05
PA,2014,47467.0,62896.464285488,5.966666666666666
PA,2015,49291.0,65235.98005136058,5.416666666666667
PA,2016,50572.0,66097.49158601514,5.333333333333333
PA,2017,51886.0,66400.48332735553,4.9750000000000005
PA,2018,54468.0,68042.765492244,4.408333333333333
PA,2019,56139.0,68881.93444221743,4.266666666666667
PA,2020,60281.0,73062.83112011524,8.833333333333334
PA,2021,64003.0,74093.23882032341,5.95
PA,2022,65080.0,69757.47923820403,4.141666666666667
PA,2023,68101.0,70109.65615975631,3.658333333333333
PA,2024,70856.0,70856.0,3.8083333333333336
RI,2011,44095.0,61492.66626532358,11.1
RI,2012,45298.0,61889.60482329852,10.299999999999999
RI,2013,45104.0,60734.88273555393,9.483333333333333
RI,2014,46630.0,61787.39186450176,7.766666666666667
RI,2015,48049.0,63592.20964248695,6.016666666666667
RI,2016,48515.0,63408.997158418184,5.241666666666666
RI,2017,50414.0,64516.70906343332,4.4750000000000005
RI,2018,52132.0,65124.5768275256,4.05
RI,2019,55123.0,67635.31363683628,3.525
RI,2020,59277.0,71845.94549372225,9.258333333333333
RI,2021,63101.0,73049.03618269811,5.55
RI,2022,64538.0,69176.52420213909,3.225
RI,2023,67907.0,69909.9340808589,2.975
RI,2024,70743.0,70743.0,4.25
SC,2011,34406.0,47980.87482763858,10.358333333333333
SC,2012,35807.0,48922.27206295753,9.033333333333333
SC,2013,35923.0,48372.18855332795,7.425
SC,2014,37755.0,50027.514043411196,6.3
SC,2015,39598.0,52407.42403428164,5.8999999999999995
SC,2016,40752.0,53262.77341440498,4.8999999999999995
SC,2017,42385.0,54241.6930545805,4.191666666666666
SC,2018,43817.0,54737.274281663646,3.3666666666666667
SC,2019,46150.0,56625.54150427215,2.766666666666667
SC,2020,48763.0,59102.58346593751,6.0
SC,2021,53389.0,61805.91421305636,3.933333333333333
SC,2022,54550.0,58470.659072588045,3.1999999999999997
SC,2023,57735.0,59437.90837702135,2.966666666666667
SC,2024,60649.0,60649.0,4.108333333333333
SD,2011,44532.0,62102.08445690872,4.558333333333334
SD,2012,44996.0,61476.98924078635,4.016666666666667
SD,2013,44988.0,60578.68270013969,3.6999999999999997
SD,2014,46732.0,61922.54764340331,3.341666666666667
SD,2015,48308.0,63934.99268266269,3.025
SD,2016,48284.0,63107.080671896605,3.0
SD,2017,49408.0,63229.29268469301,3.016666666666667
SD,2018,51579.0,64433.755623934296,2.766666666666667
SD,2019,54408.0,66758.0165149391,2.7416666666666667
SD,2020,59595.0,72231.37341124512,4.141666666666667
SD,2021,67188.0,77780.36232457681,2.55
SD,2022,69795.0,74811.35930286493,1.9249999999999998
SD,2023,74201.0,76389.57719725229,1.8
SD,2024,75499.0,75499.0,1.825
TN,2011,37696.0,52568.94313499576,9.041666666666666
TN,2012,39079.0,53392.7296324271,7.925
TN,2013,39099.0,52648.83779880772,7.625
TN,2014,40225.0,53300.40398347809,6.575
TN,2015,41937.0,55503.05928899614,5.5249999999999995
TN,2016,42938.0,56119.87055525425,4.741666666666666
TN,2017,44407.0,56829.32319157146,3.733333333333333
TN,2018,46449.0,58025.23342787034,3.5
TN,2019,48903.0,60003.44217082169,3.3333333333333335
TN,2020,51979.0,63000.49599031983,7.491666666666666
TN,2021,57707.0,66804.6581035952,4.441666666666666
TN,2022,59097.0,63344.46451352403,3.3499999999999996
TN,2023,63437.0,65308.090304202015,3.25
TN,2024,66288.0,66288.0,3.375
TX,2011,41941.0,58488.80634616026,8.033333333333333
TX,2012,43869.0,59937.195328563794,6.708333333333333
TX,2013,44403.0,59790.94976292128,6.316666666666666
TX,2014,46747.0,61942.423493241775,5.183333333333334
TX,2015,46767.0,61895.49976794912,4.466666666666667
TX,2016,45868.0,59949.3740423029,4.666666666666667
TX,2017,48524.0,62098.00433597886,4.358333333333333
TX,2018,51346.0,64142.68629222223,3.9166666666666665
TX,2019,53271.0,65362.93004277534,3.525
TX,2020,54825.0,66449.95464840195,7.7250000000000005
TX,2021,60396.0,69917.58592241384,5.633333333333333
TX,2022,63758.0,68340.46344913049,3.933333333333333
TX,2023,67522.0,69513.57840882022,4.0249999999999995
TX,2024,69762.0,69762.0,4.116666666666666
UT,2011,34015.0,47435.6059193782,7.216666666666666
UT,2012,35622.0,48669.510861749746,4.758333333333334
UT,2013,36102.0,48613.22136659649,4.191666666666666
UT,2014,37621.0,49849.95645152093,3.625
UT,2015,39881.0,52781.9707538559,3.5
UT,2016,41295.0,53972.47320739728,3.3333333333333335
UT,2017,43030.0,55067.1240329975,3.158333333333333
UT,2018,45463.0,56793.49797264245,2.9166666666666665
UT,2019,48163.0,59095.47032438266,2.5416666666666665
UT,2020,51764.0,62739.90793287512,4.833333333333333
UT,2021,58325.0,67520.08740520543,2.7583333333333333
UT,2022,60713.0,65076.61089411619,2.3833333333333333
UT,2023,64431.0,66331.40858473824,2.725
UT,2024,67345.0,67345.0,3.266666666666667
VT,2011,43754.0,61017.12483893793,5.3999999999999995
VT,2012,44858.0,61288.44304745298,4.783333333333333
VT,2013,45296.0,60993.420725205106,4.416666666666667
VT,2014,46894.0,62137.206821658714,3.908333333333333
VT,2015,48117.0,63682.20673411611,3.475
VT,2016,48827.0,63816.78046488889,3.125
VT,2017,50009.0,63998.41519326451,2.9499999999999997
VT,2018,51691.0,64573.66877909203,2.5
VT,2019,54278.0,66598.50794732143,2.1
VT,2020,58157.0,70488.46352005676,5.6499999999999995
VT,2021,61110.0,70744.1498728179,3.483333333333333
VT,2022,63829.0,68416.56641510948,2.3166666666666664
VT,2023,68021.0,70027.29653959243,1.9333333333333333
VT,2024,71505.0,71505.0,2.283333333333333
VA,2011,47563.0,66328.96440815479,6.283333333333334
VA,2012,49049.0,67014.50896238176,5.816666666666666
VA,2013,48195.0,64897.07505853188,5.5249999999999995
VA,2014,49760.0,65934.81919746102,5.066666666666666
VA,2015,51617.0,68314.4099797342,4.375
VA,2016,52656.0,68821.27495359513,4.0
VA,2017,54377.0,69588.31056338147,3.625
VA,2018,56130.0,70118.97677681677,3.0
VA,2019,58362.0,71609.53094847956,2.725
VA,2020,61451.0,74480.91496760507,6.516666666666667
VA,2021,67214.0,77810.46129195846,3.841666666666667
VA,2022,69581.0,74581.9785321677,2.6999999999999997
VA,2023,73912.0,76092.05306941026,2.6999999999999997
VA,2024,77277.0,77277.0,2.9250000000000003
WA,2011,44279.0,61749.26339862259,9.433333333333334
WA,2012,47053.0,64287.42054286426,8.441666666666666
WA,2013,47448.0,63891.200692545295,6.625
WA,2014,50259.0,66596.0224687539,5.933333333333334
WA,2015,52408.0,69361.2879132439,5.441666666666666
WA,2016,54296.0,70964.75130812066,5.191666666666666
WA,2017,56800.0,72689.11561873711,4.6499999999999995
WA,2018,59824.0,74733.61244782267,4.3999999999999995
WA,2019,63431.0,77829.13809658693,4.183333333333334
WA,2020,67669.0,82017.36399640149,8.700000000000001
WA,2021,73944.0,85601.46323344209,5.191666666666667
WA,2022,76120.0,81590.95451155641,4.041666666666667
WA,2023,81280.0,83677.37408650377,4.216666666666667
WA,2024,85512.0,85512.0,4.5
WV,2011,34490.0,48098.016997188126,7.708333333333333
WV,2012,35233.0,48138.029200831756,7.2
WV,2013,35093.0,47254.55036889842,6.708333333333333
WV,2014,36243.0,48024.02837969414,6.491666666666667
WV,2015,37068.0,49059.00283102055,6.541666666666667
WV,2016,37075.0,48456.9425878255,6.075
WV,2017,38841.0,49706.30175611564,5.2
WV,2018,41001.0,51219.45780912639,5.141666666666667
WV,2019,42615.0,52288.135454053256,4.925
WV,2020,44897.0,54416.84658183862,8.333333333333334
WV,2021,48895.0,56603.42346639553,5.133333333333334
WV,2022,50163.0,53768.35327329485,3.8833333333333333
WV,2023,52977.0,54539.569967774485,3.8666666666666667
WV,2024,55432.0,55432.0,4.05
WI,2011,41067.0,57269.96996298999,7.55
WI,2012,42639.0,58256.674909722846,6.916666666666667
WI,2013,42685.0,57477.57337635508,6.666666666666667
WI,2014,44156.0,58509.20169781128,5.366666666666667
WI,2015,45928.0,60785.094475642385,4.416666666666667
WI,2016,46595.0,60899.56142629074,3.933333333333333
WI,2017,48311.0,61825.4201524086,3.283333333333333
WI,2018,50520.0,63110.82677293396,3.0
WI,2019,52370.0,64257.412970286736,3.2083333333333335
WI,2020,55499.0,67266.86790755422,6.433333333333334
WI,2021,60693.0,70261.40874211972,3.8166666666666664
WI,2022,61837.0,66281.39587665677,2.8166666666666664
WI,2023,64873.0,66786.44548614368,2.8083333333333336
WI,2024,67799.0,67799.0,3.0083333333333333
WY,2011,50631.0,70607.44269598817,6.066666666666666
WY,2012,53597.0,73228.33568180341,5.441666666666666
WY,2013,52835.0,71145.07647510181,4.716666666666667
WY,2014,56251.0,74535.76195089189,4.358333333333333
WY,2015,56120.0,74274.0703268823,4.25
WY,2016,53419.0,69818.51425756037,5.2749999999999995
WY,2017,56378.0,72149.06620340071,4.341666666666667
WY,2018,59197.0,73950.3486238593,4.066666666666666
WY,2019,61853.0,75892.94948350478,3.733333333333333
WY,2020,65094.0,78896.36749444736,5.858333333333333
WY,2021,71456.0,82721.22358553551,4.55
WY,2022,77800.0,83391.70074880568,3.4416666666666664
WY,2023,83095.0,85545.90796897183,2.9
WY,2024,86609.0,86609.0,3.1166666666666667
