State,Year,ProgramType,CountEverEnrolled,CountLastMonthEnrollment,AverageEnrollmentPerMonth,DQUnusable
Alabama,2016,Medicaid,"1,169,468","1,149,970","981,967",
Alabama,2016,CHIP,"198,481","184,966","135,117",
Alabama,2016,Unknown,"28,991","11,958","18,551",
Alabama,2017,Medicaid,"1,161,433","1,130,341","977,980",
Alabama,2017,CHIP,"232,416","220,014","161,731",
Alabama,2017,Unknown,0,0,0,
Alabama,2018,Medicaid,"1,156,829","1,129,067","971,919",
Alabama,2018,CHIP,"247,277","227,972","174,973",
Alabama,2018,Unknown,DS,0,DS,
Alabama,2019,Medicaid,"1,146,498","1,125,558","987,125",
Alabama,2019,CHIP,"238,003","224,032","175,738",
Alabama,2019,Unknown,0,0,0,
Alabama,2020,Medicaid,"1,134,630","1,118,726","1,027,886",
Alabama,2020,CHIP,"219,434","211,104","177,565",
Alabama,2020,Unknown,0,0,0,
Alabama,2021,Medicaid,"1,203,470","1,186,694","1,114,950",
Alabama,2021,CHIP,"224,257","216,183","187,195",
Alabama,2021,Unknown,DS,DS,DS,
Alabama,2022,Medicaid,"1,275,359","1,258,620","1,193,936",
Alabama,2022,CHIP,"238,598","230,098","201,561",
Alabama,2022,Unknown,0,0,0,
Alaska,2016,Medicaid,"202,324","197,234","164,487",
Alaska,2016,CHIP,"18,529","12,251","10,943",
Alaska,2016,Unknown,0,0,0,
Alaska,2017,Medicaid,"224,355","219,324","190,562",
Alaska,2017,CHIP,"19,616","14,268","12,563",
Alaska,2017,Unknown,0,0,0,
Alaska,2018,Medicaid,"236,308","230,682","204,129",
Alaska,2018,CHIP,"21,423","16,039","13,985",
Alaska,2018,Unknown,0,0,0,
Alaska,2019,Medicaid,"246,408","240,280","212,001",
Alaska,2019,CHIP,"24,450","16,938","15,389",
Alaska,2019,Unknown,0,0,0,
Alaska,2020,Medicaid,"253,722","250,991","223,872",
Alaska,2020,CHIP,"20,829","13,807","13,997",
Alaska,2020,Unknown,0,0,0,
Alaska,2021,Medicaid,"262,067","260,639","242,095",
Alaska,2021,CHIP,"15,146","12,199","12,188",
Alaska,2021,Unknown,0,0,0,
Alaska,2022,Medicaid,"271,284","269,430","253,706",
Alaska,2022,CHIP,"14,832","12,588","11,820",
Alaska,2022,Unknown,0,0,0,
Arizona,2016,Medicaid,"2,316,954","2,278,677","2,050,688",
Arizona,2016,CHIP,"143,817","97,922","81,621",Unusable
Arizona,2016,Unknown,0,0,0,
Arizona,2017,Medicaid,"2,266,822","2,218,242","1,905,543",
Arizona,2017,CHIP,"167,280","120,964","94,495",
Arizona,2017,Unknown,0,0,0,
Arizona,2018,Medicaid,"2,235,728","2,184,136","1,844,931",
Arizona,2018,CHIP,"180,580","131,526","100,109",
Arizona,2018,Unknown,0,0,0,
Arizona,2019,Medicaid,"2,197,249","2,151,089","1,848,938",
Arizona,2019,CHIP,"181,943","127,859","101,850",
Arizona,2019,Unknown,0,0,0,
Arizona,2020,Medicaid,"2,198,483","2,156,508","1,940,634",
Arizona,2020,CHIP,"168,423","122,478","104,267",
Arizona,2020,Unknown,0,0,0,
Arizona,2021,Medicaid,"2,338,267","2,299,748","2,144,328",
Arizona,2021,CHIP,"176,293","137,426","126,928",
Arizona,2021,Unknown,0,0,0,
Arizona,2022,Medicaid,"2,501,824","2,459,867","2,307,443",
Arizona,2022,CHIP,"193,772","149,448","138,156",
Arizona,2022,Unknown,0,0,0,
Arkansas,2016,Medicaid,"1,071,156","1,049,683","929,373",
Arkansas,2016,CHIP,"150,407","115,742","101,650",High Concern
Arkansas,2016,Unknown,DS,0,DS,
Arkansas,2017,Medicaid,"1,118,539","1,089,483","935,172",
Arkansas,2017,CHIP,"133,065","101,290","82,903",Unusable
Arkansas,2017,Unknown,0,0,0,
Arkansas,2018,Medicaid,"1,071,569","1,043,877","899,004",
Arkansas,2018,CHIP,"124,699","101,360","85,209",Unusable
Arkansas,2018,Unknown,0,0,0,
Arkansas,2019,Medicaid,"1,034,807","1,009,203","864,307",
Arkansas,2019,CHIP,"129,353","105,191","90,282",Unusable
Arkansas,2019,Unknown,0,0,0,
Arkansas,2020,Medicaid,"1,018,212","1,002,273","890,967",
Arkansas,2020,CHIP,"125,541","102,951","95,085",Unusable
Arkansas,2020,Unknown,0,0,0,
Arkansas,2021,Medicaid,"1,075,589","1,062,965","978,673",
Arkansas,2021,CHIP,"115,643","89,302","88,465",Unusable
Arkansas,2021,Unknown,0,0,0,
Arkansas,2022,Medicaid,"1,145,104","1,129,671","1,049,090",
Arkansas,2022,CHIP,"109,172","82,754","78,514",Unusable
Arkansas,2022,Unknown,0,0,0,
California,2016,Medicaid,"16,687,882","16,277,181","13,544,968",
California,2016,CHIP,"1,995,944","1,627,812","1,419,475",
California,2016,Unknown,0,0,0,
California,2017,Medicaid,"16,280,991","15,862,668","13,245,182",
California,2017,CHIP,"2,001,822","1,635,056","1,392,263",
California,2017,Unknown,0,0,0,
California,2018,Medicaid,"15,715,251","15,319,282","12,867,576",
California,2018,CHIP,"1,965,774","1,610,046","1,387,823",
California,2018,Unknown,0,0,0,
California,2019,Medicaid,"15,201,402","14,811,368","12,435,320",
California,2019,CHIP,"1,941,053","1,598,188","1,363,522",
California,2019,Unknown,0,0,0,
California,2020,Medicaid,"14,585,299","14,367,764","12,419,017",
California,2020,CHIP,"1,743,554","1,403,365","1,336,940",
California,2020,Unknown,0,0,0,
California,2021,Medicaid,"15,010,017","14,855,864","13,355,690",
California,2021,CHIP,"1,598,493","1,378,739","1,327,781",
California,2021,Unknown,0,0,0,
California,2022,Medicaid,"15,888,243","15,728,815","14,305,237",
California,2022,CHIP,"1,591,503","1,360,868","1,321,736",
California,2022,Unknown,0,0,0,
Colorado,2016,Medicaid,"1,447,493","1,382,322","1,182,489",
Colorado,2016,CHIP,"240,596","174,618","141,306",Unusable
Colorado,2016,Unknown,"112,196","91,723","89,733",
Colorado,2017,Medicaid,"1,574,748","1,494,524","1,290,910",
Colorado,2017,CHIP,"273,103","200,572","158,685",Unusable
Colorado,2017,Unknown,0,0,0,
Colorado,2018,Medicaid,"1,530,968","1,458,978","1,230,513",
Colorado,2018,CHIP,"280,773","197,082","157,705",Unusable
Colorado,2018,Unknown,DS,0,DS,
Colorado,2019,Medicaid,"1,480,172","1,416,774","1,178,765",
Colorado,2019,CHIP,"264,568","186,813","152,352",Unusable
Colorado,2019,Unknown,0,0,0,
Colorado,2020,Medicaid,"1,500,055","1,461,506","1,265,247",
Colorado,2020,CHIP,"212,990","129,198","124,908",
Colorado,2020,Unknown,0,0,0,
Colorado,2021,Medicaid,"1,630,914","1,592,287","1,456,124",
Colorado,2021,CHIP,"195,420","118,263","115,415",
Colorado,2021,Unknown,0,0,0,
Colorado,2022,Medicaid,"1,785,346","1,743,905","1,578,355",
Colorado,2022,CHIP,"191,554","109,171","106,068",
Colorado,2022,Unknown,0,0,0,
Connecticut,2016,Medicaid,"1,047,213","1,041,275","893,737",
Connecticut,2016,CHIP,"27,217","22,150","17,310",
Connecticut,2016,Unknown,0,0,0,
Connecticut,2017,Medicaid,"1,067,737","1,059,950","912,175",
Connecticut,2017,CHIP,"30,689","24,195","18,807",
Connecticut,2017,Unknown,0,0,0,
Connecticut,2018,Medicaid,"1,077,878","1,071,199","946,851",
Connecticut,2018,CHIP,"30,366","24,340","19,020",
Connecticut,2018,Unknown,0,0,0,
Connecticut,2019,Medicaid,"1,098,768","1,091,887","966,346",
Connecticut,2019,CHIP,"30,987","25,087","20,198",
Connecticut,2019,Unknown,0,0,0,
Connecticut,2020,Medicaid,"1,128,566","1,125,270","1,005,881",
Connecticut,2020,CHIP,"27,518","21,138","20,131",
Connecticut,2020,Unknown,0,0,0,
Connecticut,2021,Medicaid,"1,204,776","1,204,286","1,113,172",
Connecticut,2021,CHIP,"22,685","19,317","18,403",
Connecticut,2021,Unknown,0,0,0,
Connecticut,2022,Medicaid,"1,290,145","1,288,589","1,198,418",
Connecticut,2022,CHIP,"22,482","19,169","16,045",
Connecticut,2022,Unknown,0,0,0,
Delaware,2016,Medicaid,"287,457","280,568","228,149",
Delaware,2016,CHIP,"21,271","14,896","10,714",
Delaware,2016,Unknown,0,0,0,
Delaware,2017,Medicaid,"282,177","276,822","233,015",
Delaware,2017,CHIP,"20,019","14,598","11,856",
Delaware,2017,Unknown,0,0,0,
Delaware,2018,Medicaid,"284,859","279,353","236,303",
Delaware,2018,CHIP,"20,192","14,857","11,907",
Delaware,2018,Unknown,0,0,0,
Delaware,2019,Medicaid,"284,811","279,205","236,263",
Delaware,2019,CHIP,"20,832","15,456","12,303",
Delaware,2019,Unknown,0,0,0,
Delaware,2020,Medicaid,"278,933","277,067","246,913",
Delaware,2020,CHIP,"17,229","13,294","12,645",
Delaware,2020,Unknown,0,0,0,
Delaware,2021,Medicaid,"299,788","298,576","274,917",
Delaware,2021,CHIP,"15,523","12,629","12,146",
Delaware,2021,Unknown,0,0,0,
Delaware,2022,Medicaid,"325,836","324,407","300,711",
Delaware,2022,CHIP,"12,654","9,299","7,488",
Delaware,2022,Unknown,0,0,0,
District of Columbia,2016,Medicaid,"273,634","271,970","234,757",
District of Columbia,2016,CHIP,"14,807","11,402","10,578",
District of Columbia,2016,Unknown,0,0,0,
District of Columbia,2017,Medicaid,"275,595","272,267","252,211",
District of Columbia,2017,CHIP,"15,520","13,923","12,353",
District of Columbia,2017,Unknown,0,0,0,
District of Columbia,2018,Medicaid,"281,157","275,838","250,673",
District of Columbia,2018,CHIP,"19,785","17,340","15,475",
District of Columbia,2018,Unknown,0,0,0,
District of Columbia,2019,Medicaid,"275,321","270,278","248,257",
District of Columbia,2019,CHIP,"21,978","18,719","17,076",
District of Columbia,2019,Unknown,0,0,0,
District of Columbia,2020,Medicaid,"277,220","273,571","247,449",
District of Columbia,2020,CHIP,"21,528","18,267","17,442",
District of Columbia,2020,Unknown,0,0,0,
District of Columbia,2021,Medicaid,"282,120","280,182","266,603",
District of Columbia,2021,CHIP,"19,529","17,513","17,346",
District of Columbia,2021,Unknown,0,0,0,
District of Columbia,2022,Medicaid,"296,311","294,592","282,571",
District of Columbia,2022,CHIP,"19,200","16,777","17,036",
District of Columbia,2022,Unknown,0,0,0,
Florida,2016,Medicaid,"5,057,310","5,057,287","4,523,065",
Florida,2016,CHIP,"131,017","131,017","111,822",High Concern
Florida,2016,Unknown,0,0,0,
Florida,2017,Medicaid,"5,163,877","5,163,844","4,637,561",
Florida,2017,CHIP,"126,002","126,002","108,702",High Concern
Florida,2017,Unknown,0,0,0,
Florida,2018,Medicaid,"5,085,327","5,085,196","4,549,658",
Florida,2018,CHIP,"135,849","135,849","102,919",Unusable
Florida,2018,Unknown,0,0,0,
Florida,2019,Medicaid,"4,891,445","4,891,292","4,389,799",
Florida,2019,CHIP,"139,374","139,374","117,162",Unusable
Florida,2019,Unknown,0,0,0,
Florida,2020,Medicaid,"4,843,751","4,843,638","4,500,149",
Florida,2020,CHIP,"267,140","267,140","246,361",
Florida,2020,Unknown,0,0,0,
Florida,2021,Medicaid,"5,345,152","5,345,102","5,033,868",
Florida,2021,CHIP,"165,664","165,664","152,214",
Florida,2021,Unknown,0,0,0,
Florida,2022,Medicaid,"5,841,341","5,841,292","5,445,631",
Florida,2022,CHIP,"176,354","176,353","160,993",High Concern
Florida,2022,Unknown,0,0,0,
Georgia,2016,Medicaid,"2,337,398","2,269,251","1,861,209",
Georgia,2016,CHIP,"277,134","226,987","178,557",
Georgia,2016,Unknown,0,0,0,
Georgia,2017,Medicaid,"2,341,123","2,262,001","1,891,562",
Georgia,2017,CHIP,"292,014","235,376","182,117",
Georgia,2017,Unknown,0,0,0,
Georgia,2018,Medicaid,"2,393,417","2,311,871","1,954,646",
Georgia,2018,CHIP,"314,192","259,352","203,806",
Georgia,2018,Unknown,0,0,0,
Georgia,2019,Medicaid,"2,378,278","2,315,794","1,965,128",
Georgia,2019,CHIP,"314,810","257,170","216,564",
Georgia,2019,Unknown,0,0,0,
Georgia,2020,Medicaid,"2,389,353","2,336,718","2,070,773",
Georgia,2020,CHIP,"324,747","259,700","228,975",
Georgia,2020,Unknown,0,0,0,
Georgia,2021,Medicaid,"2,531,415","2,473,655","2,291,333",
Georgia,2021,CHIP,"345,286","294,130","267,100",
Georgia,2021,Unknown,0,0,0,
Georgia,2022,Medicaid,"2,694,686","2,631,964","2,460,257",
Georgia,2022,CHIP,"379,014","319,124","290,955",
Georgia,2022,Unknown,0,0,0,
Hawaii,2016,Medicaid,"402,186","396,029","360,181",
Hawaii,2016,CHIP,"31,329","27,212","23,433",
Hawaii,2016,Unknown,0,0,0,
Hawaii,2017,Medicaid,"395,502","389,761","337,524",
Hawaii,2017,CHIP,"33,236","28,840","24,579",
Hawaii,2017,Unknown,0,0,0,
Hawaii,2018,Medicaid,"390,463","383,080","330,707",
Hawaii,2018,CHIP,"36,043","31,069","25,658",
Hawaii,2018,Unknown,0,0,0,
Hawaii,2019,Medicaid,"378,257","370,895","318,653",
Hawaii,2019,CHIP,"37,080","31,312","26,202",
Hawaii,2019,Unknown,0,0,0,
Hawaii,2020,Medicaid,"398,388","394,690","343,291",
Hawaii,2020,CHIP,"34,678","27,575","25,941",
Hawaii,2020,Unknown,0,0,0,
Hawaii,2021,Medicaid,"442,267","439,561","403,610",
Hawaii,2021,CHIP,"31,219","25,844","25,354",
Hawaii,2021,Unknown,0,0,0,
Hawaii,2022,Medicaid,"467,979","465,363","434,024",
Hawaii,2022,CHIP,"29,203","24,648","24,163",
Hawaii,2022,Unknown,0,0,0,
Idaho,2016,Medicaid,"337,686","335,102","287,937",
Idaho,2016,CHIP,"34,555","30,279","27,164",High Concern
Idaho,2016,Unknown,0,0,0,
Idaho,2017,Medicaid,"343,745","341,554","292,581",
Idaho,2017,CHIP,"35,319","30,923","28,199",High Concern
Idaho,2017,Unknown,0,0,0,
Idaho,2018,Medicaid,"337,875","333,546","275,069",
Idaho,2018,CHIP,"39,062","33,534","28,788",
Idaho,2018,Unknown,0,0,0,
Idaho,2019,Medicaid,"324,367","317,699","265,829",
Idaho,2019,CHIP,"42,326","35,407","29,501",
Idaho,2019,Unknown,0,0,0,
Idaho,2020,Medicaid,"403,332","400,902","341,917",
Idaho,2020,CHIP,"40,766","33,883","31,709",
Idaho,2020,Unknown,0,0,0,
Idaho,2021,Medicaid,"446,198","436,527","392,949",
Idaho,2021,CHIP,"48,272","41,375","36,525",
Idaho,2021,Unknown,0,0,0,
Idaho,2022,Medicaid,"474,341","465,251","423,216",
Idaho,2022,CHIP,"52,400","44,039","40,670",
Idaho,2022,Unknown,0,0,0,
Illinois,2016,Medicaid,"3,509,753","3,415,417","2,961,926",
Illinois,2016,CHIP,"400,677","328,624","254,316",
Illinois,2016,Unknown,0,0,0,
Illinois,2017,Medicaid,"3,449,599","3,382,642","2,912,525",
Illinois,2017,CHIP,"393,052","295,887","253,430",
Illinois,2017,Unknown,0,0,0,
Illinois,2018,Medicaid,"3,416,004","3,322,729","2,867,637",
Illinois,2018,CHIP,"376,862","307,772","233,016",
Illinois,2018,Unknown,0,0,0,
Illinois,2019,Medicaid,"3,247,194","3,150,296","2,693,982",
Illinois,2019,CHIP,"406,681","324,938","261,255",
Illinois,2019,Unknown,0,0,0,
Illinois,2020,Medicaid,"3,270,146","3,221,524","2,803,129",
Illinois,2020,CHIP,"359,768","325,570","290,327",
Illinois,2020,Unknown,0,0,0,
Illinois,2021,Medicaid,"3,453,880","3,442,454","3,128,892",
Illinois,2021,CHIP,"350,101","339,523","320,994",
Illinois,2021,Unknown,0,0,0,
Illinois,2022,Medicaid,"3,658,310","3,647,155","3,358,376",
Illinois,2022,CHIP,"380,524","348,601","334,442",
Illinois,2022,Unknown,0,0,0,
Indiana,2016,Medicaid,"1,775,779","1,731,368","1,355,354",
Indiana,2016,CHIP,"152,353","114,666","91,911",
Indiana,2016,Unknown,"3,827","1,552","1,573",
Indiana,2017,Medicaid,"1,734,924","1,691,228","1,388,042",
Indiana,2017,CHIP,"160,604","125,645","102,112",
Indiana,2017,Unknown,"1,327",887,459,
Indiana,2018,Medicaid,"1,732,895","1,686,004","1,362,774",
Indiana,2018,CHIP,"176,624","136,775","111,522",
Indiana,2018,Unknown,333,127,184,
Indiana,2019,Medicaid,"1,718,639","1,676,751","1,362,756",
Indiana,2019,CHIP,"179,290","137,971","116,367",
Indiana,2019,Unknown,362,133,178,
Indiana,2020,Medicaid,"1,821,468","1,804,698","1,538,939",
Indiana,2020,CHIP,"160,994","115,946","116,788",
Indiana,2020,Unknown,398,26,161,
Indiana,2021,Medicaid,"1,982,779","1,979,160","1,804,821",
Indiana,2021,CHIP,"127,121","107,987","107,579",
Indiana,2021,Unknown,"32,007","27,849","15,535",
Indiana,2022,Medicaid,"2,187,816","2,149,966","2,003,293",
Indiana,2022,CHIP,"164,094","143,529","122,003",
Indiana,2022,Unknown,463,164,83,
Iowa,2016,Medicaid,"765,048","744,138","616,899",
Iowa,2016,CHIP,"91,713","74,475","60,805",
Iowa,2016,Unknown,0,0,0,
Iowa,2017,Medicaid,"761,393","737,532","613,797",
Iowa,2017,CHIP,"99,527","81,879","64,490",
Iowa,2017,Unknown,0,0,0,
Iowa,2018,Medicaid,"745,194","723,006","616,440",
Iowa,2018,CHIP,"102,867","84,491","70,106",
Iowa,2018,Unknown,0,0,0,
Iowa,2019,Medicaid,"756,364","731,106","625,703",
Iowa,2019,CHIP,"110,125","91,385","76,053",
Iowa,2019,Unknown,0,0,0,
Iowa,2020,Medicaid,"755,045","740,530","654,517",
Iowa,2020,CHIP,"105,262","85,542","80,767",
Iowa,2020,Unknown,0,0,0,
Iowa,2021,Medicaid,"811,719","800,156","730,946",
Iowa,2021,CHIP,"101,484","82,603","80,217",
Iowa,2021,Unknown,0,0,0,
Iowa,2022,Medicaid,"862,473","855,130","785,601",
Iowa,2022,CHIP,"92,516","75,343","73,618",
Iowa,2022,Unknown,0,0,0,
Kansas,2016,Medicaid,"465,613","456,455","397,807",
Kansas,2016,CHIP,"72,121","62,435","53,646",High Concern
Kansas,2016,Unknown,254,254,112,
Kansas,2017,Medicaid,"471,211","452,949","379,868",
Kansas,2017,CHIP,"76,832","66,057","51,059",High Concern
Kansas,2017,Unknown,"2,279","1,367","1,599",
Kansas,2018,Medicaid,"458,925","440,690","376,392",
Kansas,2018,CHIP,"79,667","69,058","54,611",
Kansas,2018,Unknown,"2,394","1,572","1,711",
Kansas,2019,Medicaid,"447,133","428,867","359,058",
Kansas,2019,CHIP,"84,569","73,800","57,758",
Kansas,2019,Unknown,"2,527","1,624","1,720",
Kansas,2020,Medicaid,"433,883","426,602","373,765",
Kansas,2020,CHIP,"77,996","69,997","63,587",
Kansas,2020,Unknown,72,51,28,
Kansas,2021,Medicaid,"463,716","462,027","418,248",
Kansas,2021,CHIP,"74,586","70,168","67,060",
Kansas,2021,Unknown,0,0,0,
Kansas,2022,Medicaid,"498,449","496,632","455,392",
Kansas,2022,CHIP,"75,646","70,869","67,696",
Kansas,2022,Unknown,0,0,0,
Kentucky,2016,Medicaid,"1,532,825","1,532,825","1,404,915",
Kentucky,2016,CHIP,"119,891","119,891","110,748",High Concern
Kentucky,2016,Unknown,"4,839","2,762","3,085",
Kentucky,2017,Medicaid,"1,592,929","1,592,929","1,476,865",
Kentucky,2017,CHIP,"118,546","118,546","110,307",High Concern
Kentucky,2017,Unknown,"5,510","3,478","3,604",
Kentucky,2018,Medicaid,"1,605,719","1,605,719","1,481,700",
Kentucky,2018,CHIP,"119,341","119,341","110,340",High Concern
Kentucky,2018,Unknown,"5,909","3,794","3,465",
Kentucky,2019,Medicaid,"1,574,036","1,574,036","1,460,176",
Kentucky,2019,CHIP,"116,198","116,198","107,203",
Kentucky,2019,Unknown,"4,788","3,126","2,505",
Kentucky,2020,Medicaid,"1,689,823","1,689,823","1,533,237",
Kentucky,2020,CHIP,"128,377","128,377","122,342",High Concern
Kentucky,2020,Unknown,"5,733","4,700","3,543",
Kentucky,2021,Medicaid,"1,323,787","1,323,787","1,205,972",High Concern
Kentucky,2021,CHIP,"543,856","543,856","515,013",Unusable
Kentucky,2021,Unknown,"8,257","6,287","5,791",High Concern
Kentucky,2022,Medicaid,"1,250,165","1,250,165","1,174,378",High Concern
Kentucky,2022,CHIP,"562,569","562,569","544,708",Unusable
Kentucky,2022,Unknown,"4,624","4,436","2,601",High Concern
Louisiana,2016,Medicaid,"1,630,303","1,601,028","1,366,269",
Louisiana,2016,CHIP,"169,099","146,983","127,808",
Louisiana,2016,Unknown,0,0,0,
Louisiana,2017,Medicaid,"1,730,922","1,698,386","1,508,829",
Louisiana,2017,CHIP,"171,917","147,629","124,453",
Louisiana,2017,Unknown,0,0,0,
Louisiana,2018,Medicaid,"1,758,900","1,716,562","1,526,933",
Louisiana,2018,CHIP,"181,543","151,344","129,730",
Louisiana,2018,Unknown,0,0,0,
Louisiana,2019,Medicaid,"1,801,560","1,752,116","1,528,437",
Louisiana,2019,CHIP,"199,817","139,939","125,737",
Louisiana,2019,Unknown,0,0,0,
Louisiana,2020,Medicaid,"1,813,333","1,767,686","1,593,721",
Louisiana,2020,CHIP,"179,596","143,619","130,503",
Louisiana,2020,Unknown,0,0,0,
Louisiana,2021,Medicaid,"1,902,250","1,851,610","1,744,348",
Louisiana,2021,CHIP,"202,283","165,594","149,878",
Louisiana,2021,Unknown,0,0,0,
Louisiana,2022,Medicaid,"1,957,105","1,908,314","1,815,137",
Louisiana,2022,CHIP,"221,521","190,372","173,569",
Louisiana,2022,Unknown,0,0,0,
Maine,2016,Medicaid,"322,011","315,679","271,996",High Concern
Maine,2016,CHIP,"20,531","15,342","11,446",Unusable
Maine,2016,Unknown,0,0,0,High Concern
Maine,2017,Medicaid,"314,891","308,803","265,584",
Maine,2017,CHIP,"21,143","15,515","12,075",Unusable
Maine,2017,Unknown,0,0,0,
Maine,2018,Medicaid,"315,849","309,512","263,143",
Maine,2018,CHIP,"21,775","15,836","12,273",High Concern
Maine,2018,Unknown,0,0,0,
Maine,2019,Medicaid,"345,750","338,019","283,397",
Maine,2019,CHIP,"24,663","16,963","13,041",
Maine,2019,Unknown,0,0,0,
Maine,2020,Medicaid,"388,858","382,805","327,310",
Maine,2020,CHIP,"26,021","16,439","14,216",
Maine,2020,Unknown,0,0,0,
Maine,2021,Medicaid,"433,164","426,927","390,602",
Maine,2021,CHIP,"26,366","17,100","16,316",
Maine,2021,Unknown,0,0,0,
Maine,2022,Medicaid,"470,069","462,333","426,352",
Maine,2022,CHIP,"27,647","17,919","16,618",High Concern
Maine,2022,Unknown,0,0,0,
Maryland,2016,Medicaid,"1,409,194","1,373,813","1,180,576",
Maryland,2016,CHIP,"194,456","162,036","141,287",High Concern
Maryland,2016,Unknown,0,0,0,
Maryland,2017,Medicaid,"1,468,815","1,430,340","1,252,769",
Maryland,2017,CHIP,"199,718","168,127","144,429",
Maryland,2017,Unknown,0,0,0,
Maryland,2018,Medicaid,"1,487,423","1,444,039","1,258,857",
Maryland,2018,CHIP,"208,466","177,366","150,640",
Maryland,2018,Unknown,0,0,0,
Maryland,2019,Medicaid,"1,475,291","1,443,176","1,263,754",
Maryland,2019,CHIP,"203,529","165,709","150,050",
Maryland,2019,Unknown,0,0,0,
Maryland,2020,Medicaid,"1,500,708","1,480,877","1,335,952",
Maryland,2020,CHIP,"177,012","148,947","142,881",
Maryland,2020,Unknown,0,0,0,
Maryland,2021,Medicaid,"1,597,336","1,573,185","1,471,823",
Maryland,2021,CHIP,"178,843","160,292","148,516",
Maryland,2021,Unknown,0,0,0,
Maryland,2022,Medicaid,"1,689,363","1,666,939","1,567,635",
Maryland,2022,CHIP,"192,172","169,044","162,522",
Maryland,2022,Unknown,0,0,0,
Massachusetts,2016,Medicaid,"2,118,623","2,041,620","1,754,529",
Massachusetts,2016,CHIP,"261,506","196,171","163,018",Unusable
Massachusetts,2016,Unknown,0,0,0,
Massachusetts,2017,Medicaid,"2,132,488","2,055,159","1,739,529",
Massachusetts,2017,CHIP,"287,106","214,072","184,657",High Concern
Massachusetts,2017,Unknown,0,0,0,
Massachusetts,2018,Medicaid,"2,100,838","2,015,897","1,712,795",
Massachusetts,2018,CHIP,"305,351","228,720","193,869",
Massachusetts,2018,Unknown,0,0,0,
Massachusetts,2019,Medicaid,"2,012,568","1,938,325","1,653,642",
Massachusetts,2019,CHIP,"304,186","229,912","198,519",
Massachusetts,2019,Unknown,0,0,0,
Massachusetts,2020,Medicaid,"1,953,492","1,907,406","1,712,078",
Massachusetts,2020,CHIP,"269,196","219,264","203,175",
Massachusetts,2020,Unknown,0,0,0,
Massachusetts,2021,Medicaid,"2,099,277","2,054,713","1,881,538",
Massachusetts,2021,CHIP,"279,482","211,390","210,869",
Massachusetts,2021,Unknown,0,0,0,
Massachusetts,2022,Medicaid,"2,284,136","2,222,141","2,072,783",
Massachusetts,2022,CHIP,"288,677","229,313","213,828",
Massachusetts,2022,Unknown,0,0,0,
Michigan,2016,Medicaid,"2,880,687","2,838,337","2,367,567",
Michigan,2016,CHIP,"119,016","86,104","61,045",
Michigan,2016,Unknown,0,0,0,
Michigan,2017,Medicaid,"2,879,718","2,843,011","2,430,634",
Michigan,2017,CHIP,"116,049","77,812","59,970",
Michigan,2017,Unknown,0,0,0,
Michigan,2018,Medicaid,"2,889,583","2,850,976","2,438,632",
Michigan,2018,CHIP,"116,728","81,499","61,572",
Michigan,2018,Unknown,0,0,0,
Michigan,2019,Medicaid,"2,884,712","2,841,196","2,404,605",
Michigan,2019,CHIP,"128,877","88,518","67,287",
Michigan,2019,Unknown,0,0,0,
Michigan,2020,Medicaid,"2,883,187","2,863,610","2,545,009",
Michigan,2020,CHIP,"106,896","68,944","65,347",
Michigan,2020,Unknown,0,0,0,
Michigan,2021,Medicaid,"3,036,844","2,986,371","2,809,304",
Michigan,2021,CHIP,"127,335","108,123","82,919",
Michigan,2021,Unknown,0,0,0,
Michigan,2022,Medicaid,"3,173,994","3,127,558","2,958,233",
Michigan,2022,CHIP,"169,606","144,194","126,360",
Michigan,2022,Unknown,0,0,0,
Minnesota,2016,Medicaid,"1,388,352","1,387,984","1,106,955",
Minnesota,2016,CHIP,"4,275","3,623","1,934",High Concern
Minnesota,2016,Unknown,0,0,0,
Minnesota,2017,Medicaid,"1,358,199","1,357,860","1,120,265",
Minnesota,2017,CHIP,"4,589","3,812","1,952",High Concern
Minnesota,2017,Unknown,0,0,0,
Minnesota,2018,Medicaid,"1,339,681","1,339,584","1,104,202",
Minnesota,2018,CHIP,"3,741","2,959","1,463",
Minnesota,2018,Unknown,0,0,0,
Minnesota,2019,Medicaid,"1,321,086","1,321,003","1,053,304",
Minnesota,2019,CHIP,"3,410","2,832","1,141",
Minnesota,2019,Unknown,0,0,0,
Minnesota,2020,Medicaid,"1,290,011","1,289,935","1,116,893",
Minnesota,2020,CHIP,"3,073","2,693","1,269",
Minnesota,2020,Unknown,0,0,0,
Minnesota,2021,Medicaid,"1,384,205","1,384,130","1,257,114",
Minnesota,2021,CHIP,"3,130","2,641","1,138",
Minnesota,2021,Unknown,0,0,0,
Minnesota,2022,Medicaid,"1,486,676","1,486,586","1,355,649",
Minnesota,2022,CHIP,"3,681","3,198","1,296",High Concern
Minnesota,2022,Unknown,0,0,0,
Mississippi,2016,Medicaid,"841,411","815,663","722,413",
Mississippi,2016,CHIP,"111,194","95,386","80,697",Unusable
Mississippi,2016,Unknown,DS,DS,DS,
Mississippi,2017,Medicaid,"827,220","802,264","708,834",
Mississippi,2017,CHIP,"110,361","95,143","80,356",
Mississippi,2017,Unknown,0,0,0,
Mississippi,2018,Medicaid,"810,751","785,647","680,431",
Mississippi,2018,CHIP,"111,081","94,119","77,870",
Mississippi,2018,Unknown,0,0,0,
Mississippi,2019,Medicaid,"785,272","762,304","664,477",
Mississippi,2019,CHIP,"106,882","91,822","77,216",
Mississippi,2019,Unknown,0,0,0,
Mississippi,2020,Medicaid,"764,333","753,620","684,228",
Mississippi,2020,CHIP,"94,551","86,800","80,289",
Mississippi,2020,Unknown,0,0,0,
Mississippi,2021,Medicaid,"843,185","834,352","785,626",
Mississippi,2021,CHIP,"59,763","52,218","46,259",High Concern
Mississippi,2021,Unknown,0,0,0,
Mississippi,2022,Medicaid,"887,414","875,279","828,964",
Mississippi,2022,CHIP,"57,390","48,716","41,746",High Concern
Mississippi,2022,Unknown,0,0,0,
Missouri,2016,Medicaid,"1,204,854","1,201,180","1,048,975",
Missouri,2016,CHIP,"34,839","30,868","25,055",
Missouri,2016,Unknown,0,0,0,
Missouri,2017,Medicaid,"1,230,065","1,221,240","1,059,143",
Missouri,2017,CHIP,"44,631","38,875","28,757",
Missouri,2017,Unknown,0,0,0,
Missouri,2018,Medicaid,"1,212,096","1,200,383","1,020,048",
Missouri,2018,CHIP,"54,484","43,127","31,941",
Missouri,2018,Unknown,0,0,0,
Missouri,2019,Medicaid,"1,158,719","1,143,213","938,063",
Missouri,2019,CHIP,"64,221","47,882","34,297",
Missouri,2019,Unknown,0,0,0,
Missouri,2020,Medicaid,"1,115,426","1,112,613","980,169",
Missouri,2020,CHIP,"52,759","41,602","36,551",
Missouri,2020,Unknown,0,0,0,
Missouri,2021,Medicaid,"1,311,309","1,310,594","1,154,898",
Missouri,2021,CHIP,"47,120","41,707","38,313",
Missouri,2021,Unknown,0,0,0,
Missouri,2022,Medicaid,"1,517,252","1,514,301","1,384,665",
Missouri,2022,CHIP,"51,688","43,585","34,574",
Missouri,2022,Unknown,0,0,0,
Montana,2016,Medicaid,"245,170","240,208","199,937",
Montana,2016,CHIP,"42,427","36,483","32,544",High Concern
Montana,2016,Unknown,0,0,0,
Montana,2017,Medicaid,"318,813","314,474","259,235",
Montana,2017,CHIP,"73,647","64,446","54,769",Unusable
Montana,2017,Unknown,0,0,0,
Montana,2018,Medicaid,"299,388","294,082","256,512",
Montana,2018,CHIP,"71,266","64,438","53,011",Unusable
Montana,2018,Unknown,0,0,0,
Montana,2019,Medicaid,"303,294","296,133","248,851",
Montana,2019,CHIP,"74,880","68,909","53,390",Unusable
Montana,2019,Unknown,0,0,0,
Montana,2020,Medicaid,"285,694","282,643","242,910",
Montana,2020,CHIP,"34,909","31,157","26,786",
Montana,2020,Unknown,0,0,0,
Montana,2021,Medicaid,"296,502","296,291","271,840",
Montana,2021,CHIP,"30,835","29,919","28,204",
Montana,2021,Unknown,0,0,0,
Montana,2022,Medicaid,"315,183","314,963","292,173",
Montana,2022,CHIP,"31,113","30,349","28,694",
Montana,2022,Unknown,0,0,0,
Nebraska,2016,Medicaid,"278,984","262,417","217,417",
Nebraska,2016,CHIP,"55,168","43,675","31,309",
Nebraska,2016,Unknown,727,154,265,
Nebraska,2017,Medicaid,"280,085","265,075","219,489",
Nebraska,2017,CHIP,"57,283","44,993","33,834",
Nebraska,2017,Unknown,0,0,0,
Nebraska,2018,Medicaid,"280,947","264,421","220,068",
Nebraska,2018,CHIP,"60,692","47,128","35,252",
Nebraska,2018,Unknown,0,0,0,
Nebraska,2019,Medicaid,"279,341","262,972","218,633",
Nebraska,2019,CHIP,"61,842","47,047","35,498",
Nebraska,2019,Unknown,0,0,0,
Nebraska,2020,Medicaid,"310,289","295,321","236,524",
Nebraska,2020,CHIP,"61,589","43,254","35,529",
Nebraska,2020,Unknown,0,0,0,
Nebraska,2021,Medicaid,"356,212","343,220","302,552",
Nebraska,2021,CHIP,"56,948","42,922","37,475",
Nebraska,2021,Unknown,0,0,0,
Nebraska,2022,Medicaid,"391,924","379,545","339,677",
Nebraska,2022,CHIP,"59,349","46,477","41,555",
Nebraska,2022,Unknown,0,0,0,
Nevada,2016,Medicaid,"812,951","792,710","623,508",
Nevada,2016,CHIP,"62,076","48,158","32,835",High Concern
Nevada,2016,Unknown,0,0,0,
Nevada,2017,Medicaid,"833,204","812,177","641,777",
Nevada,2017,CHIP,"73,035","55,336","39,937",
Nevada,2017,Unknown,0,0,0,
Nevada,2018,Medicaid,"840,225","818,255","651,360",
Nevada,2018,CHIP,"75,607","57,722","41,537",
Nevada,2018,Unknown,0,0,0,
Nevada,2019,Medicaid,"828,167","807,551","640,079",
Nevada,2019,CHIP,"76,969","58,169","41,169",
Nevada,2019,Unknown,0,0,0,
Nevada,2020,Medicaid,"840,453","830,118","698,906",
Nevada,2020,CHIP,"64,591","43,642","39,853",
Nevada,2020,Unknown,0,0,0,
Nevada,2021,Medicaid,"917,514","897,968","810,449",
Nevada,2021,CHIP,"70,037","54,320","44,528",
Nevada,2021,Unknown,0,0,0,
Nevada,2022,Medicaid,"994,559","973,993","869,353",
Nevada,2022,CHIP,"82,534","60,771","52,570",
Nevada,2022,Unknown,0,0,0,
New Hampshire,2016,Medicaid,"248,350","241,614","197,277",
New Hampshire,2016,CHIP,"24,180","18,999","14,664",
New Hampshire,2016,Unknown,0,0,0,
New Hampshire,2017,Medicaid,"246,689","240,167","195,471",
New Hampshire,2017,CHIP,"25,271","19,578","14,880",
New Hampshire,2017,Unknown,0,0,0,
New Hampshire,2018,Medicaid,"238,871","232,538","191,281",
New Hampshire,2018,CHIP,"24,961","20,112","15,298",
New Hampshire,2018,Unknown,0,0,0,
New Hampshire,2019,Medicaid,"234,097","227,632","184,806",
New Hampshire,2019,CHIP,"25,666","20,376","15,699",
New Hampshire,2019,Unknown,0,0,0,
New Hampshire,2020,Medicaid,"242,582","237,244","200,943",
New Hampshire,2020,CHIP,"24,335","18,185","15,564",
New Hampshire,2020,Unknown,0,0,0,
New Hampshire,2021,Medicaid,"260,208","254,319","231,610",
New Hampshire,2021,CHIP,"25,833","21,822","19,111",
New Hampshire,2021,Unknown,0,0,0,
New Hampshire,2022,Medicaid,"272,416","266,389","245,508",
New Hampshire,2022,CHIP,"30,042","25,702","22,739",
New Hampshire,2022,Unknown,0,0,0,
New Jersey,2016,Medicaid,"1,945,669","1,889,781","1,586,765",
New Jersey,2016,CHIP,"269,134","229,291","189,572",
New Jersey,2016,Unknown,0,0,0,
New Jersey,2017,Medicaid,"1,948,722","1,894,912","1,590,484",
New Jersey,2017,CHIP,"277,701","237,570","198,745",
New Jersey,2017,Unknown,0,0,0,
New Jersey,2018,Medicaid,"1,922,981","1,864,404","1,572,657",
New Jersey,2018,CHIP,"293,444","251,633","207,606",
New Jersey,2018,Unknown,0,0,0,
New Jersey,2019,Medicaid,"1,887,428","1,822,522","1,514,599",
New Jersey,2019,CHIP,"310,972","266,642","217,388",
New Jersey,2019,Unknown,0,0,0,
New Jersey,2020,Medicaid,"1,854,762","1,822,089","1,592,115",
New Jersey,2020,CHIP,"295,521","247,377","233,490",
New Jersey,2020,Unknown,0,0,0,
New Jersey,2021,Medicaid,"1,983,687","1,957,827","1,793,718",
New Jersey,2021,CHIP,"282,032","246,352","236,856",
New Jersey,2021,Unknown,0,0,0,
New Jersey,2022,Medicaid,"2,122,374","2,079,653","1,924,358",
New Jersey,2022,CHIP,"302,216","266,862","251,275",
New Jersey,2022,Unknown,0,0,0,
New Mexico,2016,Medicaid,"941,844","924,406","835,425",
New Mexico,2016,CHIP,"73,094","47,355","43,975",Unusable
New Mexico,2016,Unknown,0,0,0,
New Mexico,2017,Medicaid,"979,617","962,467","849,346",
New Mexico,2017,CHIP,"70,029","47,674","41,589",Unusable
New Mexico,2017,Unknown,0,0,0,
New Mexico,2018,Medicaid,"950,606","931,874","809,982",
New Mexico,2018,CHIP,"67,534","46,377","37,539",
New Mexico,2018,Unknown,0,0,0,
New Mexico,2019,Medicaid,"925,216","906,540","795,889",
New Mexico,2019,CHIP,"67,244","45,341","37,977",
New Mexico,2019,Unknown,0,0,0,
New Mexico,2020,Medicaid,"932,921","918,668","835,349",
New Mexico,2020,CHIP,"60,403","37,521","34,905",
New Mexico,2020,Unknown,0,0,0,
New Mexico,2021,Medicaid,"953,255","953,196","892,255",
New Mexico,2021,CHIP,"48,575","48,477","46,860",
New Mexico,2021,Unknown,0,0,0,
New Mexico,2022,Medicaid,"992,642","992,586","935,057",
New Mexico,2022,CHIP,"45,983","45,878","44,541",
New Mexico,2022,Unknown,0,0,0,
New York,2016,Medicaid,"7,123,040","7,034,371","5,839,153",
New York,2016,CHIP,"1,045,240","963,168","704,725",High Concern
New York,2016,Unknown,0,0,0,
New York,2017,Medicaid,"7,111,868","7,019,256","5,877,351",
New York,2017,CHIP,"1,143,847","1,077,732","765,266",High Concern
New York,2017,Unknown,0,0,0,
New York,2018,Medicaid,"7,101,186","6,997,209","5,928,470",
New York,2018,CHIP,"1,280,813","1,196,975","874,602",Unusable
New York,2018,Unknown,0,0,0,
New York,2019,Medicaid,"7,107,910","6,993,023","5,908,228",
New York,2019,CHIP,"1,372,029","1,283,813","942,358",Unusable
New York,2019,Unknown,0,0,0,
New York,2020,Medicaid,"7,101,146","7,052,939","6,193,961",
New York,2020,CHIP,"779,689","723,542","615,689",
New York,2020,Unknown,0,0,0,
New York,2021,Medicaid,"7,531,149","7,503,484","6,880,598",
New York,2021,CHIP,"678,787","644,351","590,869",
New York,2021,Unknown,0,0,0,
New York,2022,Medicaid,"7,989,629","7,956,570","7,316,492",
New York,2022,CHIP,"663,798","625,247","568,809",
New York,2022,Unknown,0,0,0,
North Carolina,2016,Medicaid,"2,255,074","2,163,124","1,927,274",
North Carolina,2016,CHIP,"317,828","256,947","216,818",
North Carolina,2016,Unknown,0,0,0,
North Carolina,2017,Medicaid,"2,336,889","2,224,962","1,977,054",
North Carolina,2017,CHIP,"364,169","284,561","238,828",
North Carolina,2017,Unknown,0,0,0,
North Carolina,2018,Medicaid,"2,387,086","2,273,948","2,019,601",
North Carolina,2018,CHIP,"387,367","308,381","260,573",
North Carolina,2018,Unknown,0,0,0,
North Carolina,2019,Medicaid,"2,385,363","2,283,347","2,009,420",
North Carolina,2019,CHIP,"399,436","324,773","279,733",
North Carolina,2019,Unknown,0,0,0,
North Carolina,2020,Medicaid,"2,391,954","2,340,388","2,084,773",
North Carolina,2020,CHIP,"364,204","305,894","290,309",
North Carolina,2020,Unknown,19,11,14,
North Carolina,2021,Medicaid,"2,602,534","2,548,095","2,338,487",
North Carolina,2021,CHIP,"373,026","311,072","300,889",
North Carolina,2021,Unknown,0,0,0,
North Carolina,2022,Medicaid,"2,803,956","2,753,525","2,554,120",
North Carolina,2022,CHIP,"365,990","313,918","296,049",
North Carolina,2022,Unknown,0,0,0,
North Dakota,2016,Medicaid,"116,409","113,663","85,687",
North Dakota,2016,CHIP,"6,576","5,630","3,380",Unusable
North Dakota,2016,Unknown,"5,659","4,797","4,668",
North Dakota,2017,Medicaid,"121,717","119,620","92,592",
North Dakota,2017,CHIP,"7,816","6,551","4,742",Unusable
North Dakota,2017,Unknown,0,0,0,
North Dakota,2018,Medicaid,"120,259","117,844","92,024",
North Dakota,2018,CHIP,"8,506","7,243","5,367",Unusable
North Dakota,2018,Unknown,0,0,0,
North Dakota,2019,Medicaid,"118,051","115,840","89,065",
North Dakota,2019,CHIP,"8,675","6,717","5,206",Unusable
North Dakota,2019,Unknown,0,0,0,
North Dakota,2020,Medicaid,"118,257","117,426","95,836",
North Dakota,2020,CHIP,"6,850","5,676","5,045",Unusable
North Dakota,2020,Unknown,0,0,0,
North Dakota,2021,Medicaid,"131,462","129,535","112,520",
North Dakota,2021,CHIP,"7,633","5,467","4,937",Unusable
North Dakota,2021,Unknown,0,0,0,
North Dakota,2022,Medicaid,"140,374","138,362","123,319",
North Dakota,2022,CHIP,"7,665","5,973","5,251",Unusable
North Dakota,2022,Unknown,0,0,0,
Ohio,2016,Medicaid,"3,238,628","3,238,628","2,779,410",
Ohio,2016,CHIP,"257,522","257,522","232,825",High Concern
Ohio,2016,Unknown,DS,DS,DS,
Ohio,2017,Medicaid,"3,292,235","3,292,235","2,851,700",
Ohio,2017,CHIP,"232,474","232,474","207,543",
Ohio,2017,Unknown,DS,DS,DS,
Ohio,2018,Medicaid,"3,194,447","3,194,447","2,718,183",
Ohio,2018,CHIP,"226,392","226,392","200,779",
Ohio,2018,Unknown,DS,DS,DS,
Ohio,2019,Medicaid,"3,084,854","3,084,854","2,621,078",
Ohio,2019,CHIP,"215,053","215,053","188,454",
Ohio,2019,Unknown,DS,DS,DS,
Ohio,2020,Medicaid,"3,068,406","3,068,406","2,740,832",
Ohio,2020,CHIP,"217,092","217,092","200,287",
Ohio,2020,Unknown,0,0,0,
Ohio,2021,Medicaid,"3,221,404","3,221,404","2,994,381",
Ohio,2021,CHIP,"242,020","242,020","231,364",
Ohio,2021,Unknown,0,0,0,
Ohio,2022,Medicaid,"3,405,596","3,405,596","3,172,035",
Ohio,2022,CHIP,"257,341","257,341","246,961",
Ohio,2022,Unknown,25,15,18,
Oklahoma,2016,Medicaid,"906,366","866,320","685,898",
Oklahoma,2016,CHIP,"205,123","159,232","135,023",High Concern
Oklahoma,2016,Unknown,0,0,0,
Oklahoma,2017,Medicaid,"926,836","870,290","713,214",
Oklahoma,2017,CHIP,"213,958","155,753","124,253",
Oklahoma,2017,Unknown,0,0,0,
Oklahoma,2018,Medicaid,"901,040","843,641","692,084",
Oklahoma,2018,CHIP,"215,486","160,055","127,278",
Oklahoma,2018,Unknown,0,0,0,
Oklahoma,2019,Medicaid,"891,717","833,716","683,334",
Oklahoma,2019,CHIP,"218,634","158,674","128,012",
Oklahoma,2019,Unknown,0,0,0,
Oklahoma,2020,Medicaid,"946,114","877,868","761,549",
Oklahoma,2020,CHIP,"227,276","135,333","129,677",
Oklahoma,2020,Unknown,0,0,0,
Oklahoma,2021,Medicaid,"1,193,171","1,115,690","939,619",
Oklahoma,2021,CHIP,"247,023","134,770","134,482",
Oklahoma,2021,Unknown,0,0,0,
Oklahoma,2022,Medicaid,"1,363,068","1,275,580","1,151,118",
Oklahoma,2022,CHIP,"252,513","140,010","132,238",
Oklahoma,2022,Unknown,0,0,0,
Oregon,2016,Medicaid,"1,346,915","1,298,596","1,092,428",
Oregon,2016,CHIP,"149,055","129,040","97,596",Unusable
Oregon,2016,Unknown,0,0,0,
Oregon,2017,Medicaid,"1,260,186","1,216,274","997,582",
Oregon,2017,CHIP,"173,584","148,289","119,716",High Concern
Oregon,2017,Unknown,0,0,0,
Oregon,2018,Medicaid,"1,180,261","1,148,305","966,682",
Oregon,2018,CHIP,"176,102","152,816","128,394",
Oregon,2018,Unknown,0,0,0,
Oregon,2019,Medicaid,"1,187,178","1,153,048","976,847",
Oregon,2019,CHIP,"180,751","154,564","129,276",
Oregon,2019,Unknown,0,0,0,
Oregon,2020,Medicaid,"1,226,379","1,202,200","1,052,443",
Oregon,2020,CHIP,"174,489","145,831","132,562",
Oregon,2020,Unknown,0,0,0,
Oregon,2021,Medicaid,"1,339,011","1,285,924","1,177,936",
Oregon,2021,CHIP,"222,367","181,008","160,982",
Oregon,2021,Unknown,0,0,0,
Oregon,2022,Medicaid,"1,431,200","1,376,939","1,262,437",
Oregon,2022,CHIP,"247,483","198,849","181,699",
Oregon,2022,Unknown,0,0,0,
Pennsylvania,2016,Medicaid,"3,142,737","3,121,239","2,533,449",
Pennsylvania,2016,CHIP,"203,719","203,423","146,997",
Pennsylvania,2016,Unknown,"205,891","1,922","17,763",
Pennsylvania,2017,Medicaid,"3,376,414","3,376,414","2,757,011",
Pennsylvania,2017,CHIP,"77,735","77,735","56,699",Unusable
Pennsylvania,2017,Unknown,"9,542",DS,795,
Pennsylvania,2018,Medicaid,"3,364,158","3,244,717","2,700,122",
Pennsylvania,2018,CHIP,"381,350","326,570","228,052",High Concern
Pennsylvania,2018,Unknown,0,0,0,
Pennsylvania,2019,Medicaid,"3,262,105","3,200,898","2,619,351",
Pennsylvania,2019,CHIP,"473,459","411,718","288,565",Unusable
Pennsylvania,2019,Unknown,0,0,0,
Pennsylvania,2020,Medicaid,"3,307,054","3,252,494","2,875,535",
Pennsylvania,2020,CHIP,"443,383","372,319","292,412",Unusable
Pennsylvania,2020,Unknown,0,0,0,
Pennsylvania,2021,Medicaid,"3,499,451","3,456,545","3,160,301",
Pennsylvania,2021,CHIP,"375,721","309,188","272,341",
Pennsylvania,2021,Unknown,0,0,0,
Pennsylvania,2022,Medicaid,"3,774,862","3,683,512","3,401,358",
Pennsylvania,2022,CHIP,"474,902","401,089","356,354",High Concern
Pennsylvania,2022,Unknown,0,0,0,
Rhode Island,2016,Medicaid,"340,179","331,969","290,323",
Rhode Island,2016,CHIP,"34,858","24,203","21,924",Unusable
Rhode Island,2016,Unknown,"7,057","4,691","4,564",
Rhode Island,2017,Medicaid,"349,883","349,883","315,917",
Rhode Island,2017,CHIP,"33,345","33,345","30,010",
Rhode Island,2017,Unknown,0,0,0,
Rhode Island,2018,Medicaid,"352,099","346,340","210,934",High Concern
Rhode Island,2018,CHIP,"37,599","28,383","16,226",High Concern
Rhode Island,2018,Unknown,0,0,0,High Concern
Rhode Island,2019,Medicaid,"270,342","270,342","206,565",High Concern
Rhode Island,2019,CHIP,"18,400","18,400","11,101",Unusable
Rhode Island,2019,Unknown,0,0,0,High Concern
Rhode Island,2020,Medicaid,"339,613","339,613","307,027",
Rhode Island,2020,CHIP,"35,018","35,018","32,342",
Rhode Island,2020,Unknown,0,0,0,
Rhode Island,2021,Medicaid,"356,151","356,151","334,895",
Rhode Island,2021,CHIP,"36,449","36,449","34,709",
Rhode Island,2021,Unknown,0,0,0,
Rhode Island,2022,Medicaid,"369,752","369,752","348,017",
Rhode Island,2022,CHIP,"38,669","38,669","36,959",
Rhode Island,2022,Unknown,0,0,0,
South Carolina,2016,Medicaid,"1,349,791","1,329,849","1,188,155",
South Carolina,2016,CHIP,"100,021","84,745","72,496",
South Carolina,2016,Unknown,0,0,0,
South Carolina,2017,Medicaid,"1,392,096","1,365,020","1,196,616",
South Carolina,2017,CHIP,"110,432","94,320","76,043",
South Carolina,2017,Unknown,0,0,0,
South Carolina,2018,Medicaid,"1,387,474","1,360,923","1,186,008",
South Carolina,2018,CHIP,"122,347","103,156","88,265",
South Carolina,2018,Unknown,0,0,0,
South Carolina,2019,Medicaid,"1,371,869","1,350,394","1,197,553",
South Carolina,2019,CHIP,"124,320","106,960","92,229",
South Carolina,2019,Unknown,0,0,0,
South Carolina,2020,Medicaid,"1,351,299","1,337,388","1,219,001",
South Carolina,2020,CHIP,"118,776","104,106","97,504",
South Carolina,2020,Unknown,0,0,0,
South Carolina,2021,Medicaid,"1,427,661","1,418,968","1,332,408",
South Carolina,2021,CHIP,"119,283","108,832","104,979",
South Carolina,2021,Unknown,0,0,0,
South Carolina,2022,Medicaid,"1,514,236","1,507,229","1,427,735",
South Carolina,2022,CHIP,"121,510","111,940","108,925",
South Carolina,2022,Unknown,0,0,0,
South Dakota,2016,Medicaid,"143,713","135,553","110,063",
South Dakota,2016,CHIP,"25,931","19,723","14,980",
South Dakota,2016,Unknown,0,0,0,
South Dakota,2017,Medicaid,"140,313","132,538","108,725",
South Dakota,2017,CHIP,"27,407","21,111","16,181",
South Dakota,2017,Unknown,0,0,0,
South Dakota,2018,Medicaid,"137,371","130,523","106,626",
South Dakota,2018,CHIP,"27,450","20,756","16,371",
South Dakota,2018,Unknown,DS,DS,DS,
South Dakota,2019,Medicaid,"134,352","127,861","105,381",
South Dakota,2019,CHIP,"26,522","20,260","16,036",
South Dakota,2019,Unknown,DS,DS,DS,
South Dakota,2020,Medicaid,"130,494","125,717","109,552",
South Dakota,2020,CHIP,"23,870","18,729","16,178",
South Dakota,2020,Unknown,DS,DS,DS,
South Dakota,2021,Medicaid,"138,558","133,813","122,137",
South Dakota,2021,CHIP,"24,580","19,846","17,788",
South Dakota,2021,Unknown,DS,0,DS,
South Dakota,2022,Medicaid,"147,579","143,173","132,338",
South Dakota,2022,CHIP,"25,256","20,536","18,683",
South Dakota,2022,Unknown,0,0,0,
Tennessee,2016,Medicaid,"1,778,140","1,778,090","1,655,825",
Tennessee,2016,CHIP,"18,680","17,676","17,444",Unusable
Tennessee,2016,Unknown,0,0,0,
Tennessee,2017,Medicaid,"1,838,800","1,834,491","1,598,310",
Tennessee,2017,CHIP,"42,063","39,582","31,109",Unusable
Tennessee,2017,Unknown,0,0,0,
Tennessee,2018,Medicaid,"1,799,099","1,786,249","1,535,055",
Tennessee,2018,CHIP,"67,822","62,724","47,080",High Concern
Tennessee,2018,Unknown,0,0,0,
Tennessee,2019,Medicaid,"1,706,141","1,693,855","1,550,497",
Tennessee,2019,CHIP,"81,699","68,594","54,314",High Concern
Tennessee,2019,Unknown,0,0,0,
Tennessee,2020,Medicaid,"1,746,528","1,742,860","1,590,217",
Tennessee,2020,CHIP,"73,625","59,539","53,577",Unusable
Tennessee,2020,Unknown,0,0,0,
Tennessee,2021,Medicaid,"2,978,842","2,954,711","2,034,974",High Concern
Tennessee,2021,CHIP,"205,367","178,015","148,038",
Tennessee,2021,Unknown,0,0,0,High Concern
Tennessee,2022,Medicaid,"1,829,372","1,812,150","1,716,769",
Tennessee,2022,CHIP,"179,232","159,851","146,105",
Tennessee,2022,Unknown,0,0,0,
Texas,2016,Medicaid,"5,295,400","5,112,213","4,202,150",
Texas,2016,CHIP,"723,718","590,165","402,051",High Concern
Texas,2016,Unknown,"301,153","251,348","235,156",
Texas,2017,Medicaid,"5,209,591","5,007,663","4,161,800",
Texas,2017,CHIP,"785,191","633,939","435,957",
Texas,2017,Unknown,"335,446","297,869","271,099",
Texas,2018,Medicaid,"5,121,600","4,928,875","4,091,687",
Texas,2018,CHIP,"790,637","625,939","434,075",High Concern
Texas,2018,Unknown,"347,463","308,852","278,429",
Texas,2019,Medicaid,"5,269,586","4,852,253","4,014,414",
Texas,2019,CHIP,"1,035,412","859,072","540,595",
Texas,2019,Unknown,"309,122","16,523","117,494",
Texas,2020,Medicaid,"5,429,889","5,277,184","4,624,735",
Texas,2020,CHIP,"964,481","718,397","613,022",
Texas,2020,Unknown,522,21,85,
Texas,2021,Medicaid,"5,978,220","5,795,504","5,373,771",
Texas,2021,CHIP,"878,858","676,619","592,373",
Texas,2021,Unknown,34,DS,DS,
Texas,2022,Medicaid,"6,533,064","6,430,796","5,955,713",
Texas,2022,CHIP,"761,487","509,927","533,297",High Concern
Texas,2022,Unknown,114,98,100,
Utah,2016,Medicaid,"423,590","415,415","314,979",
Utah,2016,CHIP,"30,548","26,282","18,580",
Utah,2016,Unknown,0,0,0,
Utah,2017,Medicaid,"399,544","382,495","289,546",
Utah,2017,CHIP,"58,909","47,172","34,002",High Concern
Utah,2017,Unknown,0,0,0,
Utah,2018,Medicaid,"391,786","375,846","282,955",
Utah,2018,CHIP,"56,281","44,853","32,304",High Concern
Utah,2018,Unknown,0,0,0,
Utah,2019,Medicaid,"401,797","382,231","282,493",
Utah,2019,CHIP,"52,197","41,171","28,898",High Concern
Utah,2019,Unknown,0,0,0,
Utah,2020,Medicaid,"417,255","409,195","329,592",
Utah,2020,CHIP,"45,939","30,105","27,925",High Concern
Utah,2020,Unknown,0,0,0,
Utah,2021,Medicaid,"483,377","474,533","421,857",
Utah,2021,CHIP,"42,315","27,997","23,723",High Concern
Utah,2021,Unknown,0,0,0,
Utah,2022,Medicaid,"543,804","534,614","480,692",
Utah,2022,CHIP,"37,333","21,110","19,448",High Concern
Utah,2022,Unknown,0,0,0,
Vermont,2016,Medicaid,"222,762","221,160","192,088",
Vermont,2016,CHIP,"6,454","5,776","4,870",
Vermont,2016,Unknown,0,0,0,
Vermont,2017,Medicaid,"205,558","204,017","178,133",
Vermont,2017,CHIP,"5,967","4,692","3,737",High Concern
Vermont,2017,Unknown,0,0,0,
Vermont,2018,Medicaid,"198,009","196,077","172,720",
Vermont,2018,CHIP,"6,437","5,244","4,123",
Vermont,2018,Unknown,0,0,0,
Vermont,2019,Medicaid,"190,932","189,116","164,204",
Vermont,2019,CHIP,"6,859","5,461","4,384",
Vermont,2019,Unknown,0,0,0,
Vermont,2020,Medicaid,"189,364","188,826","170,335",
Vermont,2020,CHIP,"5,873","4,435","4,302",
Vermont,2020,Unknown,0,0,0,
Vermont,2021,Medicaid,"200,775","200,153","187,825",
Vermont,2021,CHIP,"5,306","4,606","4,278",
Vermont,2021,Unknown,0,0,0,
Vermont,2022,Medicaid,"208,974","208,348","196,589",
Vermont,2022,CHIP,"5,831","4,843","4,757",
Vermont,2022,Unknown,0,0,0,
Virginia,2016,Medicaid,"1,321,909","1,279,367","1,074,235",
Virginia,2016,CHIP,"180,753","148,417","119,434",
Virginia,2016,Unknown,0,0,0,
Virginia,2017,Medicaid,"1,326,618","1,277,345","1,094,623",
Virginia,2017,CHIP,"195,354","158,809","128,064",
Virginia,2017,Unknown,0,0,0,
Virginia,2018,Medicaid,"1,361,203","1,317,494","1,126,358",
Virginia,2018,CHIP,"207,686","168,182","141,321",
Virginia,2018,Unknown,0,0,0,
Virginia,2019,Medicaid,"1,632,968","1,582,303","1,326,644",
Virginia,2019,CHIP,"225,956","180,574","148,153",
Virginia,2019,Unknown,0,0,0,
Virginia,2020,Medicaid,"1,731,778","1,698,111","1,510,315",
Virginia,2020,CHIP,"214,467","170,289","159,631",
Virginia,2020,Unknown,0,0,0,
Virginia,2021,Medicaid,"1,897,027","1,869,616","1,716,174",
Virginia,2021,CHIP,"213,781","182,291","169,565",
Virginia,2021,Unknown,0,0,0,
Virginia,2022,Medicaid,"2,066,948","2,034,255","1,890,073",
Virginia,2022,CHIP,"234,850","200,260","184,809",
Virginia,2022,Unknown,0,0,0,
Washington,2016,Medicaid,"2,159,424","2,136,300","1,826,440",
Washington,2016,CHIP,"82,744","65,105","47,919",
Washington,2016,Unknown,67,DS,DS,
Washington,2017,Medicaid,"2,176,803","2,148,116","1,829,861",
Washington,2017,CHIP,"96,855","76,802","54,627",
Washington,2017,Unknown,87,DS,DS,
Washington,2018,Medicaid,"2,128,303","2,094,726","1,786,489",
Washington,2018,CHIP,"112,611","89,443","65,292",
Washington,2018,Unknown,14,DS,DS,
Washington,2019,Medicaid,"2,083,782","2,055,362","1,748,892",
Washington,2019,CHIP,"116,064","89,908","69,986",
Washington,2019,Unknown,DS,0,DS,
Washington,2020,Medicaid,"2,088,225","2,073,339","1,825,940",
Washington,2020,CHIP,"103,685","79,432","71,293",
Washington,2020,Unknown,DS,0,DS,
Washington,2021,Medicaid,"2,206,080","2,191,298","2,005,324",
Washington,2021,CHIP,"101,383","86,832","77,830",
Washington,2021,Unknown,DS,DS,DS,
Washington,2022,Medicaid,"2,345,632","2,331,024","2,139,334",
Washington,2022,CHIP,"108,187","82,988","78,717",
Washington,2022,Unknown,16,0,DS,
West Virginia,2016,Medicaid,"667,721","661,718","567,120",
West Virginia,2016,CHIP,"37,406","31,795","27,065",High Concern
West Virginia,2016,Unknown,0,0,0,
West Virginia,2017,Medicaid,"661,882","655,026","558,169",
West Virginia,2017,CHIP,"35,269","30,089","24,855",High Concern
West Virginia,2017,Unknown,0,0,0,
West Virginia,2018,Medicaid,"636,429","629,775","537,270",
West Virginia,2018,CHIP,"40,509","35,467","29,748",
West Virginia,2018,Unknown,0,0,0,
West Virginia,2019,Medicaid,"620,370","613,875","521,488",
West Virginia,2019,CHIP,"41,646","36,542","30,746",
West Virginia,2019,Unknown,0,0,0,
West Virginia,2020,Medicaid,"607,884","605,498","538,949",
West Virginia,2020,CHIP,"39,923","35,009","33,149",
West Virginia,2020,Unknown,0,0,0,
West Virginia,2021,Medicaid,"644,461","643,158","595,511",
West Virginia,2021,CHIP,"38,490","34,594","32,984",
West Virginia,2021,Unknown,0,0,0,
West Virginia,2022,Medicaid,"639,901","638,676","596,395",
West Virginia,2022,CHIP,"73,506","71,262","69,038",Unusable
West Virginia,2022,Unknown,0,0,0,
Wisconsin,2016,Medicaid,"1,369,967","1,338,924","1,108,205",
Wisconsin,2016,CHIP,"105,492","80,084","59,799",
Wisconsin,2016,Unknown,0,0,0,
Wisconsin,2017,Medicaid,"1,230,202","1,196,874","994,552",
Wisconsin,2017,CHIP,"110,597","84,993","62,816",
Wisconsin,2017,Unknown,0,0,0,
Wisconsin,2018,Medicaid,"1,330,050","1,294,545","1,080,227",
Wisconsin,2018,CHIP,"121,976","92,661","69,791",
Wisconsin,2018,Unknown,0,0,0,
Wisconsin,2019,Medicaid,"1,311,923","1,281,814","1,073,784",
Wisconsin,2019,CHIP,"118,561","89,333","69,528",
Wisconsin,2019,Unknown,0,0,0,
Wisconsin,2020,Medicaid,"1,341,328","1,322,738","1,165,982",
Wisconsin,2020,CHIP,"109,879","80,591","72,421",
Wisconsin,2020,Unknown,0,0,0,
Wisconsin,2021,Medicaid,"1,446,773","1,430,109","1,334,520",
Wisconsin,2021,CHIP,"105,846","89,698","82,217",
Wisconsin,2021,Unknown,0,0,0,
Wisconsin,2022,Medicaid,"1,539,523","1,524,608","1,434,059",
Wisconsin,2022,CHIP,"112,946","95,048","89,742",
Wisconsin,2022,Unknown,0,0,0,
Wyoming,2016,Medicaid,"99,976","99,976","86,451",
Wyoming,2016,CHIP,"6,872","6,872","4,452",High Concern
Wyoming,2016,Unknown,0,0,0,
Wyoming,2017,Medicaid,"83,422","83,422","62,374",
Wyoming,2017,CHIP,"9,161","9,161","5,790",High Concern
Wyoming,2017,Unknown,"1,719","1,382",952,
Wyoming,2018,Medicaid,"79,941","79,941","60,572",
Wyoming,2018,CHIP,"9,416","9,416","6,586",High Concern
Wyoming,2018,Unknown,"1,455","1,144",812,
Wyoming,2019,Medicaid,"76,979","76,979","58,108",
Wyoming,2019,CHIP,"9,468","9,468","6,432",High Concern
Wyoming,2019,Unknown,"1,724","1,332","1,007",
Wyoming,2020,Medicaid,"75,569","74,547","61,427",
Wyoming,2020,CHIP,"10,640","9,068","6,733",Unusable
Wyoming,2020,Unknown,0,0,0,
Wyoming,2021,Medicaid,"83,474","82,771","72,532",
Wyoming,2021,CHIP,"6,058","5,093","4,812",
Wyoming,2021,Unknown,DS,DS,DS,
Wyoming,2022,Medicaid,"92,069","91,506","80,649",
Wyoming,2022,CHIP,"6,152","5,405","5,097",
Wyoming,2022,Unknown,0,0,0,
Puerto Rico,2016,Medicaid,"1,315,788","1,315,571","1,084,323",Not assessed
Puerto Rico,2016,CHIP,"80,406","80,113","56,315",Not assessed
Puerto Rico,2016,Unknown,0,0,0,Not assessed
Puerto Rico,2017,Medicaid,"1,371,067","1,371,067","1,057,151",Not assessed
Puerto Rico,2017,CHIP,"91,359","91,359","69,540",Not assessed
Puerto Rico,2017,Unknown,0,0,0,Not assessed
Puerto Rico,2018,Medicaid,"1,438,531","1,426,325","1,309,162",Not assessed
Puerto Rico,2018,CHIP,"104,243","94,626","86,340",Not assessed
Puerto Rico,2018,Unknown,0,0,0,Not assessed
Puerto Rico,2019,Medicaid,"1,424,443","1,395,077","1,207,075",Not assessed
Puerto Rico,2019,CHIP,"121,969","99,404","86,873",Not assessed
Puerto Rico,2019,Unknown,0,0,0,Not assessed
Puerto Rico,2020,Medicaid,"1,408,374","1,401,787","1,206,887",Not assessed
Puerto Rico,2020,CHIP,"101,184","93,990","85,855",Not assessed
Puerto Rico,2020,Unknown,0,0,0,Not assessed
Puerto Rico,2021,Medicaid,"1,469,599","1,469,306","1,417,166",Not assessed
Puerto Rico,2021,CHIP,"93,002","92,171","91,139",Not assessed
Puerto Rico,2021,Unknown,0,0,0,Not assessed
Puerto Rico,2022,Medicaid,"1,533,709","1,533,052","1,468,826",Not assessed
Puerto Rico,2022,CHIP,"93,144","81,687","86,685",Not assessed
Puerto Rico,2022,Unknown,0,0,0,Not assessed
Virgin Islands,2016,Medicaid,0,0,0,Not assessed
Virgin Islands,2016,CHIP,0,0,0,Not assessed
Virgin Islands,2016,Unknown,0,0,0,Not assessed
Virgin Islands,2017,Medicaid,"18,733","18,733","14,776",Not assessed
Virgin Islands,2017,CHIP,"10,762","10,762","8,854",Not assessed
Virgin Islands,2017,Unknown,0,0,0,Not assessed
Virgin Islands,2018,Medicaid,"19,598","19,568","16,559",Not assessed
Virgin Islands,2018,CHIP,"10,389","10,373","9,172",Not assessed
Virgin Islands,2018,Unknown,578,577,524,Not assessed
Virgin Islands,2019,Medicaid,"20,726","20,628","18,249",Not assessed
Virgin Islands,2019,CHIP,"11,516","11,507","10,446",Not assessed
Virgin Islands,2019,Unknown,419,418,256,Not assessed
Virgin Islands,2020,Medicaid,"22,645","22,645","20,396",Not assessed
Virgin Islands,2020,CHIP,"11,113","11,111","10,211",Not assessed
Virgin Islands,2020,Unknown,0,0,0,Not assessed
Virgin Islands,2021,Medicaid,"36,116","36,110","33,714",Not assessed
Virgin Islands,2021,CHIP,"1,387","1,384","1,306",Not assessed
Virgin Islands,2021,Unknown,0,0,0,Not assessed
Virgin Islands,2022,Medicaid,"37,674","37,671","35,605",Not assessed
Virgin Islands,2022,CHIP,"1,511","1,510","1,457",Not assessed
Virgin Islands,2022,Unknown,0,0,0,Not assessed
