utilization_type,state,ndc,product_name,year,quarter,suppression_used,units_reimbursed,number_of_prescriptions,total_amount_reimbursed
FFSU,AK,00169406012,VICTOZA 2-,2013,4,false,132.000,22,8024.04
FFSU,AK,00169406013,VICTOZA 3-,2013,4,false,342.000,36,20723.68
FFSU,AK,00169406012,VICTOZA 2-,2013,3,false,168.000,28,10129.84
FFSU,AK,00169406013,VICTOZA 3-,2013,3,false,297.000,32,17804.47
FFSU,AK,00169406012,VICTOZA 2-,2013,2,false,150.000,25,8768.55
FFSU,AK,00169406013,VICTOZA 3-,2013,2,false,360.000,40,21041.46
FFSU,AK,00169406012,VICTOZA 2-,2013,1,false,90.000,15,5057.67
FFSU,AK,00169406013,VICTOZA 3-,2013,1,false,324.000,36,18019.59
FFSU,AL,00169406012,Victoza 6M,2013,4,false,1371.000,211,77744.91
FFSU,AL,00169406013,Victoza 6M,2013,4,false,2943.000,328,163286.78
FFSU,AL,00169406012,Victoza 6M,2013,3,false,1299.000,213,72901.52
FFSU,AL,00169406013,Victoza 6M,2013,3,false,2665.000,299,146936.68
FFSU,AL,00169406012,Victoza 6M,2013,2,false,1502.000,245,85465.50
FFSU,AL,00169406013,Victoza 6M,2013,2,false,2619.000,294,140293.88
FFSU,AL,00169406012,VICTOZA 6M,2013,1,false,1449.000,236,75424.34
FFSU,AL,00169406013,Victoza 6M,2013,1,false,2817.000,314,142798.74
FFSU,AR,00169406012,Victoza 6M,2013,4,false,96.000,16,5527.90
FFSU,AR,00169406013,Victoza 6M,2013,4,false,240.000,27,13839.57
FFSU,AR,00169406012,Victoza 6M,2013,3,false,132.000,22,7414.51
FFSU,AR,00169406013,Victoza 6M,2013,3,false,222.000,25,12646.71
FFSU,AR,00169406012,Victoza 6M,2013,2,true,,,
FFSU,AR,00169406013,Victoza 6M,2013,2,false,165.000,19,9201.62
FFSU,AR,00169406012,VICTOZA 2-,2013,1,true,,,
FFSU,AR,00169406013,VICTOZA 3-,2013,1,true,,,
MCOU,AZ,00169406012,VICTOZA 2-,2013,4,false,1200.000,196,64340.19
MCOU,AZ,00169406013,VICTOZA 3-,2013,4,false,2184.000,245,118633.39
MCOU,AZ,00169406012,VICTOZA 2-,2013,3,false,582.000,96,32007.93
MCOU,AZ,00169406013,VICTOZA 3-,2013,3,false,1200.000,135,64811.06
MCOU,AZ,00169406012,VICTOZA 2-,2013,2,false,564.000,93,30183.41
MCOU,AZ,00169406013,VICTOZA 3-,2013,2,false,1935.000,154,67402.39
MCOU,AZ,00169406012,VICTOZA 2-,2013,1,false,390.000,92,28639.20
MCOU,AZ,00169406013,VICTOZA 3-,2013,1,false,1206.000,128,61405.07
FFSU,CA,00169406012,VICTOZA 6M,2013,4,false,1728.000,275,95544.34
MCOU,CA,00169406012,VICTOZA 6M,2013,4,false,2335.000,424,129632.71
FFSU,CA,00169406013,VICTOZA 6M,2013,4,false,2508.000,271,137381.47
MCOU,CA,00169406013,VICTOZA 6M,2013,4,false,4077.000,521,233290.95
MCOU,CA,00169406012,VICTOZA 6M,2013,3,false,2228.000,403,123169.91
FFSU,CA,00169406012,VICTOZA 6M,2013,3,false,1926.000,306,100924.19
FFSU,CA,00169406013,VICTOZA 6M,2013,3,false,2760.000,300,149159.04
MCOU,CA,00169406013,VICTOZA 6M,2013,3,false,4443.000,529,241806.57
FFSU,CA,00169406012,VICTOZA 6M,2013,2,false,1512.000,243,80144.42
MCOU,CA,00169406012,VICTOZA 6M,2013,2,false,1977.000,350,106952.56
MCOU,CA,00169406013,VICTOZA 6M,2013,2,false,4290.000,518,234565.62
FFSU,CA,00169406013,VICTOZA 6M,2013,2,false,2265.000,250,117618.50
FFSU,CA,00169406012,VICTOZA 6M,2013,1,false,1644.000,266,84182.80
MCOU,CA,00169406012,VICTOZA 6M,2013,1,false,1986.000,338,102379.78
MCOU,CA,00169406013,VICTOZA 6M,2013,1,false,3528.000,419,182960.59
FFSU,CA,00169406013,VICTOZA 6M,2013,1,false,2136.000,242,105688.28
FFSU,CO,00169406012,VICTOZA 2-,2013,4,false,522.000,74,28454.21
FFSU,CO,00169406013,VICTOZA   ,2013,4,false,1275.000,123,71206.39
FFSU,CO,00169406012,VICTOZA 2-,2013,3,false,435.000,63,23583.14
FFSU,CO,00169406013,VICTOZA   ,2013,3,false,1182.000,109,64344.63
FFSU,CO,00169406012,VICTOZA 2-,2013,2,false,519.000,78,27111.62
FFSU,CO,00169406013,VICTOZA   ,2013,2,false,1104.000,105,57920.10
FFSU,CO,00169406012,VICTOZA 2-,2013,1,false,459.000,68,24048.20
FFSU,CO,00169406013,VICTOZA 3-,2013,1,false,1065.000,102,55735.46
FFSU,CT,00169406012,VICTOZA 6M,2013,4,false,2673.000,388,149777.65
FFSU,CT,00169406013,VICTOZA 6M,2013,4,false,6171.000,568,345180.46
FFSU,CT,00169406012,Victoza 6M,2013,3,false,2250.000,334,124373.10
FFSU,CT,00169406013,Victoza 6M,2013,3,false,5946.000,547,328150.73
FFSU,CT,00169406012,VICTOZA 6M,2013,2,false,1962.000,293,106014.30
FFSU,CT,00169406013,VICTOZA 6M,2013,2,false,5067.000,472,272669.36
FFSU,CT,00169406012,VICTOZA 6M,2013,1,false,1608.000,238,82369.85
FFSU,CT,00169406013,Victoza 6M,2013,1,false,4494.000,424,229770.93
MCOU,DC,00169406012,VICTOZA 2-,2013,4,true,,,
FFSU,DC,00169406012,VICTOZA 2-,2013,4,true,,,
MCOU,DC,00169406013,VICTOZA 3-,2013,4,false,126.000,14,7140.86
FFSU,DC,00169406013,VICTOZA 3-,2013,4,false,180.000,20,10304.02
MCOU,DC,00169406012,VICTOZA 2-,2013,3,true,,,
FFSU,DC,00169406012,VICTOZA 2-,2013,3,true,,,
MCOU,DC,00169406013,VICTOZA 3-,2013,3,true,,,
FFSU,DC,00169406013,VICTOZA 3-,2013,3,false,180.000,20,10212.80
FFSU,DC,00169406012,VICTOZA 2-,2013,2,true,,,
MCOU,DC,00169406012,VICTOZA 2-,2013,2,false,78.000,11,4329.85
MCOU,DC,00169406013,VICTOZA 3-,2013,2,true,,,
FFSU,DC,00169406013,VICTOZA 3-,2013,2,false,153.000,17,8418.52
MCOU,DC,00169406012,VICTOZA 2-,2013,1,true,,,
FFSU,DC,00169406012,VICTOZA 2-,2013,1,true,,,
FFSU,DC,00169406013,VICTOZA 3-,2013,1,false,171.000,19,8990.04
MCOU,DC,00169406013,VICTOZA 3-,2013,1,true,,,
FFSU,DE,00169406012,Victoza 6M,2013,4,false,288.000,40,16353.74
FFSU,DE,00169406013,Victoza 6M,2013,4,false,1224.000,102,70296.07
FFSU,DE,00169406012,Victoza 6M,2013,3,false,294.000,37,16574.29
FFSU,DE,00169406013,Victoza 6M,2013,3,false,993.000,92,55794.45
FFSU,DE,00169406012,Victoza 6M,2013,2,false,222.000,33,12197.47
FFSU,DE,00169406013,Victoza 6M,2013,2,false,702.000,69,38553.22
FFSU,DE,00169406012,Victoza 6M,2013,1,false,201.000,29,10532.05
FFSU,DE,00169406013,Victoza 6M,2013,1,false,792.000,78,41297.45
FFSU,FL,00169406012,VICTOZA 2-,2013,4,false,114.000,18,6192.02
MCOU,FL,00169406012,VICTOZA 2-,2013,4,false,396.000,64,21718.55
MCOU,FL,00169406013,VICTOZA 3-,2013,4,false,792.000,88,43956.46
FFSU,FL,00169406013,VICTOZA 3-,2013,4,false,297.000,33,16852.20
MCOU,FL,00169406012,VICTOZA 2-,2013,3,false,420.000,71,23031.38
FFSU,FL,00169406012,VICTOZA 2-,2013,3,false,108.000,18,5847.65
FFSU,FL,00169406013,VICTOZA 3-,2013,3,false,270.000,30,15075.00
MCOU,FL,00169406013,VICTOZA 3-,2013,3,false,744.000,83,41171.53
MCOU,FL,00169406012,VICTOZA 2-,2013,2,false,324.000,54,17153.05
FFSU,FL,00169406012,VICTOZA 2-,2013,2,false,81.000,13,4069.06
FFSU,FL,00169406013,VICTOZA 3-,2013,2,false,270.000,30,14631.84
MCOU,FL,00169406013,VICTOZA 3-,2013,2,false,993.000,113,52795.42
FFSU,FL,00169406012,VICTOZA 2-,2013,1,false,96.000,16,4978.87
MCOU,FL,00169406012,VICTOZA 2-,2013,1,false,144.000,24,7382.74
FFSU,FL,00169406013,VICTOZA 3-,2013,1,false,252.000,28,13035.96
MCOU,FL,00169406013,VICTOZA 3-,2013,1,false,315.000,35,16116.01
FFSU,GA,00169406012,VICTOZA   ,2013,4,false,345.000,60,19895.27
MCOU,GA,00169406012,VICTOZA   ,2013,4,false,234.000,37,13050.77
MCOU,GA,00169406013,VICTOZA   ,2013,4,false,306.000,34,17239.23
FFSU,GA,00169406013,Victoza 6M,2013,4,false,597.000,67,33724.34
MCOU,GA,00169406012,VICTOZA   ,2013,3,false,198.000,31,11005.02
FFSU,GA,00169406012,VICTOZA   ,2013,3,false,378.000,64,21350.16
FFSU,GA,00169406013,VICTOZA   ,2013,3,false,588.000,66,32752.87
MCOU,GA,00169406013,Victoza 6M,2013,3,false,207.000,23,11281.83
MCOU,GA,00169406012,VICTOZA   ,2013,2,false,156.000,25,8441.50
FFSU,GA,00169406012,VICTOZA   ,2013,2,false,384.000,64,21278.97
FFSU,GA,00169406013,Victoza 6M,2013,2,false,642.000,72,35478.65
MCOU,GA,00169406013,Victoza 6M,2013,2,false,351.000,39,19074.35
FFSU,GA,00169406012,VICTOZA   ,2013,1,false,282.000,47,14837.48
MCOU,GA,00169406012,VICTOZA   ,2013,1,false,66.000,11,3395.19
MCOU,GA,00169406013,Victoza 6M,2013,1,false,312.000,36,15976.53
FFSU,GA,00169406013,Victoza 6M,2013,1,false,714.000,82,37077.04
MCOU,HI,00169406012,VICTOZA 2-,2013,4,false,336.000,56,19384.95
MCOU,HI,00169406013,VICTOZA 3-,2013,4,false,963.000,107,53938.69
MCOU,HI,00169406012,VICTOZA 2-,2013,3,false,285.000,48,14956.48
MCOU,HI,00169406013,VICTOZA 3-,2013,3,false,1053.000,117,58645.80
MCOU,HI,00169406012,VICTOZA 2-,2013,2,false,312.000,52,15975.74
MCOU,HI,00169406013,VICTOZA 3-,2013,2,false,963.000,107,53655.67
MCOU,HI,00169406012,VICTOZA 2-,2013,1,false,324.000,53,16706.95
MCOU,HI,00169406013,VICTOZA 3-,2013,1,false,675.000,75,35928.98
FFSU,IA,00169406012,VICTOZA   ,2013,4,false,183.000,29,9285.99
FFSU,IA,00169406013,VICTOZA   ,2013,4,false,546.000,62,29322.53
FFSU,IA,00169406012,VICTOZA   ,2013,3,false,144.000,23,7327.74
FFSU,IA,00169406013,VICTOZA   ,2013,3,false,468.000,55,25116.63
FFSU,IA,00169406012,VICTOZA   ,2013,2,false,150.000,24,7545.42
FFSU,IA,00169406013,VICTOZA   ,2013,2,false,495.000,59,25779.21
FFSU,IA,00169406012,VICTOZA   ,2013,1,false,147.000,23,7150.88
FFSU,IA,00169406013,VICTOZA   ,2013,1,false,462.000,54,20032.47
FFSU,ID,00169406012,VICTOZA 2-,2013,4,false,396.000,66,22076.46
FFSU,ID,00169406013,VICTOZA 3-,2013,4,false,783.000,87,43269.72
FFSU,ID,00169406012,VICTOZA 2-,2013,3,false,336.000,56,18593.86
FFSU,ID,00169406013,VICTOZA 3-,2013,3,false,501.000,56,27318.78
FFSU,ID,00169406012,VICTOZA 2-,2013,2,false,192.000,32,10368.46
FFSU,ID,00169406013,VICTOZA 3-,2013,2,false,384.000,43,20735.56
FFSU,ID,00169406012,VICTOZA 2-,2013,1,false,180.000,30,9299.94
FFSU,ID,00169406013,VICTOZA 3-,2013,1,false,285.000,32,14525.33
MCOU,IL,00169406012,VICTOZA 2-,2013,4,false,96.000,16,5622.60
FFSU,IL,00169406012,VICTOZA 2-,2013,4,false,264.000,44,14520.00
FFSU,IL,00169406013,VICTOZA 3-,2013,4,false,735.000,82,40327.80
MCOU,IL,00169406013,VICTOZA 3-,2013,4,false,150.000,17,8601.25
MCOU,IL,00169406012,VICTOZA 2-,2013,3,true,,,
FFSU,IL,00169406012,VICTOZA 2-,2013,3,false,234.000,39,12870.00
MCOU,IL,00169406013,VICTOZA 3-,2013,3,true,,,
FFSU,IL,00169406013,VICTOZA 3-,2013,3,false,594.000,66,32590.80
FFSU,IL,00169406012,VICTOZA 2-,2013,2,false,258.000,43,13753.32
MCOU,IL,00169406012,VICTOZA 2-,2013,2,true,,,
FFSU,IL,00169406013,VICTOZA 3-,2013,2,false,873.000,97,46079.10
MCOU,IL,00169406013,VICTOZA 3-,2013,2,true,,,
MCOU,IL,00169406012,VICTOZA 2-,2013,1,true,,,
FFSU,IL,00169406012,VICTOZA 2-,2013,1,false,204.000,34,10395.16
FFSU,IL,00169406013,VICTOZA 3-,2013,1,false,711.000,79,36135.39
MCOU,IL,00169406013,VICTOZA 3-,2013,1,true,,,
FFSU,IN,00169406012,Victoza 6M,2013,4,false,3279.000,517,184912.69
FFSU,IN,00169406013,Victoza 6M,2013,4,false,10167.000,1002,571517.79
FFSU,IN,00169406012,Victoza 6M,2013,3,false,2895.000,459,160500.37
FFSU,IN,00169406013,Victoza 6M,2013,3,false,8637.000,848,476459.37
FFSU,IN,00169406012,Victoza 6M,2013,2,false,2766.000,431,149471.11
FFSU,IN,00169406013,Victoza 6M,2013,2,false,7905.000,763,424819.17
FFSU,IN,00169406012,Victoza 6M,2013,1,false,2969.000,459,152584.87
MCOU,IN,00169406013,Victoza 6M,2013,1,true,,,
FFSU,IN,00169406013,Victoza 6M,2013,1,false,8562.000,830,438772.02
MCOU,KS,00169406012,Victoza 6M,2013,4,false,390.000,65,22591.29
MCOU,KS,00169406013,Victoza 6M,2013,4,false,702.000,79,39931.02
MCOU,KS,00169406012,Victoza 6M,2013,3,false,192.000,32,10013.99
MCOU,KS,00169406013,Victoza 6M,2013,3,false,198.000,22,10396.31
MCOU,KS,00169406012,Victoza 6M,2013,1,true,,,
FFSU,KS,00169406012,Victoza 6M,2013,1,true,,,
FFSU,KS,00169406013,Victoza 6M,2013,1,true,,,
MCOU,KS,00169406013,Victoza 6M,2013,1,true,,,
MCOU,KY,00169406012,VICTOZA 2-,2013,4,true,,,
FFSU,KY,00169406012,VICTOZA 2-,2013,4,true,,,
FFSU,KY,00169406013,VICTOZA 3-,2013,4,true,,,
MCOU,KY,00169406013,VICTOZA 3-,2013,4,true,,,
MCOU,KY,00169406012,VICTOZA 2-,2013,3,false,750.000,119,42413.95
FFSU,KY,00169406012,VICTOZA 2-,2013,3,true,,,
FFSU,KY,00169406013,VICTOZA 3-,2013,3,true,,,
MCOU,KY,00169406013,VICTOZA 3-,2013,3,true,,,
FFSU,KY,00169406012,VICTOZA 2-,2013,2,true,,,
MCOU,KY,00169406012,VICTOZA 2-,2013,2,false,688.000,112,38454.77
FFSU,KY,00169406013,VICTOZA 3-,2013,2,true,,,
MCOU,KY,00169406013,VICTOZA 3-,2013,2,false,1422.000,158,79072.06
FFSU,KY,00169406012,VICTOZA 2-,2013,1,true,,,
MCOU,KY,00169406012,VICTOZA 2-,2013,1,false,714.000,112,37535.29
MCOU,KY,00169406013,VICTOZA 3-,2013,1,false,1260.000,140,65798.13
FFSU,KY,00169406013,VICTOZA 3-,2013,1,true,,,
MCOU,LA,00169406012,VICTOZA 2-,2013,4,false,618.000,103,34826.69
FFSU,LA,00169406012,VICTOZA 2-,2013,4,false,1155.000,175,65339.61
FFSU,LA,00169406013,VICTOZA 3-,2013,4,false,2649.000,289,148453.46
MCOU,LA,00169406013,VICTOZA 3-,2013,4,false,942.000,103,53052.68
FFSU,LA,00169406012,VICTOZA 2-,2013,3,false,1384.000,215,76998.02
MCOU,LA,00169406012,VICTOZA 2-,2013,3,false,366.000,61,20330.98
MCOU,LA,00169406013,VICTOZA 3-,2013,3,false,819.000,91,44866.39
FFSU,LA,00169406013,VICTOZA 3-,2013,3,false,2886.000,317,159901.63
MCOU,LA,00169406012,VICTOZA 2-,2013,2,false,357.000,58,19415.43
FFSU,LA,00169406012,VICTOZA 2-,2013,2,false,1269.000,192,69131.70
FFSU,LA,00169406013,VICTOZA 3-,2013,2,false,1944.000,208,105167.40
MCOU,LA,00169406013,VICTOZA 3-,2013,2,false,750.000,84,40314.74
MCOU,LA,00169406012,VICTOZA 2-,2013,1,false,558.000,91,28612.26
FFSU,LA,00169406012,VICTOZA 2-,2013,1,false,1131.000,182,58890.82
FFSU,LA,00169406013,VICTOZA 3-,2013,1,false,1974.000,206,101793.21
MCOU,LA,00169406013,VICTOZA 3-,2013,1,false,885.000,100,44623.82
MCOU,MA,00169406012,VICTOZA 2-,2013,4,false,987.000,145,55343.23
FFSU,MA,00169406012,VICTOZA 2-,2013,4,false,822.000,136,46152.43
FFSU,MA,00169406013,VICTOZA 3-,2013,4,false,1422.000,154,79811.43
MCOU,MA,00169406013,VICTOZA 3-,2013,4,false,1710.000,155,94475.25
MCOU,MA,00169406012,VICTOZA 2-,2013,3,false,1128.000,169,61127.43
FFSU,MA,00169406012,VICTOZA 2-,2013,3,false,894.000,149,45699.79
FFSU,MA,00169406013,VICTOZA 3-,2013,3,false,1395.000,152,72038.83
MCOU,MA,00169406013,VICTOZA 3-,2013,3,false,1551.000,145,82969.78
MCOU,MA,00169406012,VICTOZA 2-,2013,2,false,972.000,152,51903.00
FFSU,MA,00169406012,VICTOZA 2-,2013,2,false,828.000,138,41602.64
FFSU,MA,00169406013,VICTOZA 3-,2013,2,false,1116.000,120,54862.72
MCOU,MA,00169406013,VICTOZA 3-,2013,2,false,1722.000,159,90641.83
MCOU,MA,00169406012,VICTOZA 2-,2013,1,false,954.000,132,48068.56
FFSU,MA,00169406012,VICTOZA 2-,2013,1,false,594.000,99,31274.30
FFSU,MA,00169406013,VICTOZA 3-,2013,1,false,1179.000,127,61401.63
MCOU,MA,00169406013,VICTOZA 3-,2013,1,false,1662.000,157,83618.71
FFSU,MD,00169406012,VICTOZA 2-,2013,4,true,,,
MCOU,MD,00169406012,VICTOZA 2-,2013,4,false,783.000,127,43999.36
MCOU,MD,00169406013,VICTOZA 3-,2013,4,false,2731.000,302,154861.75
FFSU,MD,00169406013,VICTOZA 3-,2013,4,false,138.000,17,7753.23
MCOU,MD,00169406012,VICTOZA 2-,2013,3,false,723.000,120,40191.51
FFSU,MD,00169406012,VICTOZA 2-,2013,3,true,,,
FFSU,MD,00169406013,VICTOZA 3-,2013,3,false,117.000,11,6775.07
MCOU,MD,00169406013,VICTOZA 3-,2013,3,false,2715.000,298,151123.36
FFSU,MD,00169406012,VICTOZA 2-,2013,2,true,,,
MCOU,MD,00169406012,VICTOZA 2-,2013,2,false,714.000,116,40277.02
FFSU,MD,00169406013,VICTOZA 3-,2013,2,false,135.000,11,7581.38
MCOU,MD,00169406013,VICTOZA 3-,2013,2,false,2424.000,268,132367.28
FFSU,MD,00169406012,VICTOZA 2-,2013,1,true,,,
MCOU,MD,00169406012,VICTOZA 2-,2013,1,false,501.000,85,26270.31
MCOU,MD,00169406013,VICTOZA 3-,2013,1,false,2280.000,255,117917.92
FFSU,MD,00169406013,VICTOZA 3-,2013,1,false,144.000,13,7721.12
FFSU,ME,00169406012,VICTOZA   ,2013,4,false,222.000,33,8489.73
FFSU,ME,00169406013,VICTOZA   ,2013,4,false,831.000,87,41874.29
FFSU,ME,00169406012,VICTOZA   ,2013,3,false,182.000,29,7883.69
FFSU,ME,00169406013,VICTOZA   ,2013,3,false,996.000,98,48639.72
FFSU,ME,00169406012,VICTOZA   ,2013,2,false,120.000,20,5241.59
FFSU,ME,00169406013,VICTOZA   ,2013,2,false,801.000,84,40466.53
FFSU,ME,00169406012,VICTOZA   ,2013,1,false,102.000,17,4873.60
FFSU,ME,00169406013,VICTOZA   ,2013,1,false,648.000,68,27540.85
FFSU,MI,00169406012,VICTOZA 2-,2013,4,false,324.000,52,17247.77
MCOU,MI,00169406012,VICTOZA 2-,2013,4,false,834.000,141,43947.11
MCOU,MI,00169406013,VICTOZA 3-,2013,4,false,2442.000,274,117451.39
FFSU,MI,00169406013,VICTOZA 3-,2013,4,false,954.000,86,49911.65
MCOU,MI,00169406012,VICTOZA 2-,2013,3,false,786.000,132,40594.73
FFSU,MI,00169406012,VICTOZA 2-,2013,3,false,372.000,59,20332.88
FFSU,MI,00169406013,VICTOZA 3-,2013,3,false,927.000,77,46820.19
MCOU,MI,00169406013,VICTOZA 3-,2013,3,false,2499.000,278,117153.31
MCOU,MI,00169406012,VICTOZA 2-,2013,2,false,813.000,136,39592.05
FFSU,MI,00169406012,VICTOZA 2-,2013,2,false,426.000,66,22634.42
FFSU,MI,00169406013,VICTOZA 3-,2013,2,false,882.000,80,45072.04
MCOU,MI,00169406013,VICTOZA 3-,2013,2,false,2094.000,234,100307.96
MCOU,MI,00169406012,VICTOZA 2-,2013,1,false,606.000,100,26234.02
FFSU,MI,00169406012,VICTOZA 2-,2013,1,false,381.000,58,18100.56
FFSU,MI,00169406013,VICTOZA 3-,2013,1,false,1023.000,90,48480.72
MCOU,MI,00169406013,VICTOZA 3-,2013,1,false,1539.000,172,71656.37
MCOU,MN,00169406012,VICTOZA 2-,2013,4,false,1792.000,297,104217.99
FFSU,MN,00169406012,VICTOZA 2-,2013,4,false,261.000,46,15000.80
FFSU,MN,00169406013,VICTOZA 3-,2013,4,false,552.000,62,31682.32
MCOU,MN,00169406013,VICTOZA 3-,2013,4,false,3510.000,394,203916.53
FFSU,MN,00169406012,VICTOZA 2-,2013,3,false,297.000,50,13479.19
MCOU,MN,00169406012,VICTOZA 2-,2013,3,false,1524.000,249,86061.30
MCOU,MN,00169406013,VICTOZA 3-,2013,3,false,3396.000,386,192715.51
FFSU,MN,00169406013,VICTOZA 3-,2013,3,false,516.000,58,28948.89
FFSU,MN,00169406012,VICTOZA 2-,2013,2,false,189.000,31,10267.78
MCOU,MN,00169406012,VICTOZA 2-,2013,2,false,1428.000,235,79632.67
MCOU,MN,00169406013,VICTOZA 3-,2013,2,false,2766.000,312,154455.26
FFSU,MN,00169406013,VICTOZA 3-,2013,2,false,261.000,30,14125.49
FFSU,MN,00169406012,VICTOZA 2-,2013,1,false,235.000,41,10278.51
MCOU,MN,00169406012,VICTOZA 2-,2013,1,false,1203.000,201,62703.47
MCOU,MN,00169406013,VICTOZA 3-,2013,1,false,2634.000,298,138978.43
FFSU,MN,00169406013,VICTOZA 3-,2013,1,false,414.000,46,19401.96
FFSU,MO,00169406012,VICTOZA 2-,2013,4,false,3781.000,613,230467.65
FFSU,MO,00169406013,VICTOZA 3-,2013,4,false,6612.000,734,397205.34
FFSU,MO,00169406012,VICTOZA 2-,2013,3,false,3683.000,606,225471.20
FFSU,MO,00169406013,VICTOZA 3-,2013,3,false,7404.000,821,448260.28
FFSU,MO,00169406012,VICTOZA 2-,2013,2,false,3452.000,562,203397.06
FFSU,MO,00169406013,VICTOZA 3-,2013,2,false,6264.000,689,367667.31
FFSU,MO,00169406012,VICTOZA 2-,2013,1,false,2903.000,475,164882.04
FFSU,MO,00169406013,VICTOZA 3-,2013,1,false,5661.000,628,319845.94
MCOU,MS,00169406012,VICTOZA 2-,2013,4,false,138.000,23,8259.93
MCOU,MS,00169406013,VICTOZA 3-,2013,4,false,597.000,67,35385.06
FFSU,MS,00169406013,VICTOZA 3-,2013,4,true,,,
MCOU,MS,00169406012,VICTOZA 2-,2013,3,false,63.000,11,3675.48
FFSU,MS,00169406012,VICTOZA 2-,2013,3,true,,,
MCOU,MS,00169406013,VICTOZA 3-,2013,3,false,426.000,50,24673.31
FFSU,MS,00169406013,VICTOZA 3-,2013,3,true,,,
MCOU,MS,00169406012,VICTOZA 2-,2013,2,false,66.000,11,3848.46
MCOU,MS,00169406013,VICTOZA 3-,2013,2,false,357.000,42,20286.88
FFSU,MS,00169406013,VICTOZA 3-,2013,2,true,,,
MCOU,MS,00169406012,VICTOZA 2-,2013,1,true,,,
FFSU,MS,00169406012,VICTOZA 2-,2013,1,true,,,
MCOU,MS,00169406013,VICTOZA 3-,2013,1,false,417.000,47,22400.51
FFSU,MS,00169406013,VICTOZA 3-,2013,1,true,,,
FFSU,MT,00169406012,VICTOZA 2-,2013,4,false,192.000,32,10376.54
FFSU,MT,00169406013,VICTOZA 3-,2013,4,false,306.000,34,17304.44
FFSU,MT,00169406012,VICTOZA 2-,2013,3,false,270.000,45,15258.03
FFSU,MT,00169406013,VICTOZA 3-,2013,3,false,198.000,22,11020.76
FFSU,MT,00169406012,VICTOZA 2-,2013,2,false,216.000,36,11518.85
FFSU,MT,00169406013,VICTOZA 3-,2013,2,false,261.000,29,14144.48
FFSU,MT,00169406012,VICTOZA 2-,2013,1,false,240.000,40,12564.92
FFSU,MT,00169406013,VICTOZA 3-,2013,1,false,240.000,27,12401.37
FFSU,XX,00169406012,VICTOZA 6M,2013,4,false,28348.000,4533,1643801.36
MCOU,XX,00169406012,VICTOZA 6M,2013,4,false,47031.964,7861,2619487.20
FFSU,XX,00169406013,VICTOZA 6M,2013,4,false,67578.000,7127,3902262.28
MCOU,XX,00169406013,VICTOZA 6M,2013,4,false,86917.556,9735,4807767.97
FFSU,XX,00169406012,VICTOZA 6M,2013,3,false,26892.000,4341,1538737.72
MCOU,XX,00169406012,VICTOZA 6M,2013,3,false,42878.982,7159,2340627.56
FFSU,XX,00169406013,VICTOZA 6M,2013,3,false,63598.000,6713,3642450.19
MCOU,XX,00169406013,VICTOZA 6M,2013,3,false,80480.991,8985,4357756.62
FFSU,XX,00169406012,VICTOZA 6M,2013,2,false,25832.000,4141,1422968.06
MCOU,XX,00169406012,VICTOZA 6M,2013,2,false,40628.000,6776,2181657.93
FFSU,XX,00169406013,VICTOZA 6M,2013,2,false,59971.000,6352,3283859.65
MCOU,XX,00169406013,VICTOZA 6M,2013,2,false,76627.000,8525,4070430.45
FFSU,XX,00169406012,VICTOZA 6M,2013,1,false,23422.000,3768,1227542.82
MCOU,XX,00169406012,VICTOZA 6M,2013,1,false,41997.874,6992,2152198.65
FFSU,XX,00169406013,VICTOZA 6M,2013,1,false,55787.000,5900,2896799.03
MCOU,XX,00169406013,VICTOZA 6M,2013,1,false,74224.126,8267,3684142.67
FFSU,NC,00169406012,VICTOZA 2-,2013,4,false,1837.000,305,107790.94
FFSU,NC,00169406013,VICTOZA 3-,2013,4,false,5619.000,622,330107.96
FFSU,NC,00169406012,VICTOZA 2-,2013,3,false,1625.000,266,93775.68
FFSU,NC,00169406013,VICTOZA 3-,2013,3,false,5307.000,583,306576.05
FFSU,NC,00169406012,VICTOZA 2-,2013,2,false,1506.000,242,85048.39
FFSU,NC,00169406013,VICTOZA 3-,2013,2,false,5391.000,590,304333.47
FFSU,NC,00169406012,VICTOZA 2-,2013,1,false,1662.000,267,89935.33
FFSU,NC,00169406013,VICTOZA 3-,2013,1,false,5269.000,579,283832.67
FFSU,ND,00169406012,VICTOZA 2-,2013,4,false,162.000,27,9819.23
FFSU,ND,00169406013,VICTOZA 3-,2013,4,false,207.000,23,12281.57
FFSU,ND,00169406012,VICTOZA 2-,2013,3,false,132.000,22,7822.02
FFSU,ND,00169406013,VICTOZA 3-,2013,3,false,198.000,22,11633.86
FFSU,ND,00169406012,VICTOZA 2-,2013,2,false,96.000,16,5584.76
FFSU,ND,00169406013,VICTOZA 3-,2013,2,false,189.000,21,10865.75
FFSU,ND,00169406012,VICTOZA 2-,2013,1,false,108.000,18,5925.78
FFSU,ND,00169406013,VICTOZA 3-,2013,1,false,117.000,13,6262.30
FFSU,NE,00169406012,Victoza 6M,2013,4,false,84.000,14,4918.34
FFSU,NE,00169406013,Victoza 6M,2013,4,false,414.000,46,24621.53
FFSU,NE,00169406012,Victoza 6M,2013,3,false,132.000,22,7722.68
FFSU,NE,00169406013,Victoza 6M,2013,3,false,384.000,43,22311.92
FFSU,NE,00169406012,Victoza 6M,2013,2,false,156.000,26,8876.70
FFSU,NE,00169406013,Victoza 6M,2013,2,false,321.000,36,18235.60
FFSU,NE,00169406012,Victoza 6M,2013,1,false,120.000,20,6338.77
FFSU,NE,00169406013,Victoza 6M,2013,1,false,234.000,26,12678.40
FFSU,NH,00169406012,VICTOZA 2-,2013,4,false,102.000,17,5611.49
MCOU,NH,00169406012,VICTOZA 2-,2013,4,true,,,
MCOU,NH,00169406013,VICTOZA 3-,2013,4,false,231.000,26,13269.23
FFSU,NH,00169406013,VICTOZA 3-,2013,4,false,576.000,64,31685.12
FFSU,NH,00169406012,VICTOZA 2-,2013,3,false,96.000,16,5285.52
FFSU,NH,00169406013,VICTOZA 3-,2013,3,false,711.000,78,39111.57
FFSU,NH,00169406012,VICTOZA 2-,2013,2,false,90.000,13,4901.15
FFSU,NH,00169406013,VICTOZA 3-,2013,2,false,702.000,76,37709.74
FFSU,NH,00169406012,VICTOZA 2-,2013,1,false,114.000,18,5813.12
FFSU,NH,00169406013,VICTOZA 3-,2013,1,false,732.000,80,37289.79
MCOU,NJ,00169406012,Victoza 6M,2013,4,false,3356.000,599,211592.69
FFSU,NJ,00169406012,Victoza 6M,2013,4,false,774.000,132,42566.77
FFSU,NJ,00169406013,Victoza 6M,2013,4,false,1263.000,138,70439.55
MCOU,NJ,00169406013,Victoza 6M,2013,4,false,7116.000,835,432262.94
FFSU,NJ,00169406012,Victoza 6M,2013,3,false,729.000,130,39363.87
MCOU,NJ,00169406012,Victoza 6M,2013,3,false,2925.000,513,181461.82
MCOU,NJ,00169406013,Victoza 6M,2013,3,false,5595.000,659,343124.97
FFSU,NJ,00169406013,Victoza 6M,2013,3,false,984.000,114,56832.63
MCOU,NJ,00169406012,Victoza 6M,2013,2,false,2650.000,469,149670.57
FFSU,NJ,00169406012,Victoza 6M,2013,2,false,600.000,103,32034.64
FFSU,NJ,00169406013,Victoza 6M,2013,2,false,1029.000,114,56587.47
MCOU,NJ,00169406013,Victoza 6M,2013,2,false,4701.000,569,266207.44
FFSU,NJ,00169406012,Victoza 6M,2013,1,false,597.000,104,31066.17
MCOU,NJ,00169406012,Victoza 6M,2013,1,false,3074.000,537,168405.69
MCOU,NJ,00169406013,Victoza 6M,2013,1,false,5796.000,652,297076.68
FFSU,NJ,00169406013,Victoza 6M,2013,1,false,723.000,79,36730.64
FFSU,NM,00169406012,VICTOZA 2-,2013,4,true,,,
MCOU,NM,00169406012,VICTOZA 2-,2013,4,false,531.000,87,29820.86
MCOU,NM,00169406013,VICTOZA 3-,2013,4,false,1188.000,126,67143.52
FFSU,NM,00169406013,VICTOZA 3-,2013,4,true,,,
FFSU,NM,00169406012,VICTOZA 2-,2013,3,true,,,
MCOU,NM,00169406012,VICTOZA 2-,2013,3,false,672.000,112,37265.96
FFSU,NM,00169406013,VICTOZA 3-,2013,3,true,,,
MCOU,NM,00169406013,VICTOZA 3-,2013,3,false,1191.000,124,65789.25
MCOU,NM,00169406012,VICTOZA 2-,2013,2,false,624.000,103,33518.26
FFSU,NM,00169406012,VICTOZA 2-,2013,2,true,,,
FFSU,NM,00169406013,VICTOZA 3-,2013,2,true,,,
MCOU,NM,00169406013,VICTOZA 3-,2013,2,false,999.000,104,53083.12
MCOU,NM,00169406012,VICTOZA 2-,2013,1,false,672.000,112,34032.56
FFSU,NM,00169406012,VICTOZA 2-,2013,1,true,,,
FFSU,NM,00169406013,VICTOZA 3-,2013,1,true,,,
MCOU,NM,00169406013,VICTOZA 3-,2013,1,false,1299.000,130,64857.28
MCOU,NV,00169406012,Victoza 6M,2013,4,false,288.000,48,16180.79
FFSU,NV,00169406012,Victoza 6M,2013,4,false,450.000,64,25719.96
FFSU,NV,00169406013,Victoza 6M,2013,4,false,807.000,76,45799.42
MCOU,NV,00169406013,Victoza 6M,2013,4,false,117.000,13,6462.02
FFSU,NV,00169406012,Victoza 6M,2013,3,false,378.000,54,21227.53
MCOU,NV,00169406012,Victoza 6M,2013,3,false,198.000,33,11056.09
MCOU,NV,00169406013,Victoza 6M,2013,3,false,132.000,15,7179.54
FFSU,NV,00169406013,Victoza 6M,2013,3,false,705.000,63,39367.75
MCOU,NV,00169406012,Victoza 6M,2013,2,false,186.000,31,10093.63
FFSU,NV,00169406012,Victoza 6M,2013,2,false,378.000,50,20842.98
FFSU,NV,00169406013,Victoza 6M,2013,2,false,792.000,73,43396.28
MCOU,NV,00169406013,Victoza 6M,2013,2,false,114.000,13,6102.26
MCOU,NV,00169406012,Victoza 6M,2013,1,false,120.000,20,6285.08
FFSU,NV,00169406012,Victoza 6M,2013,1,false,306.000,46,15969.84
FFSU,NV,00169406013,Victoza 6M,2013,1,false,540.000,53,28106.17
MCOU,NV,00169406013,Victoza 6M,2013,1,true,,,
MCOU,NY,00169406012,VICTOZA 6M,2013,4,false,18188.964,3021,1024649.57
FFSU,NY,00169406012,VICTOZA 6M,2013,4,false,842.000,144,46022.10
MCOU,NY,00169406013,VICTOZA 6M,2013,4,false,27066.555,3026,1517388.75
FFSU,NY,00169406013,VICTOZA 6M,2013,4,false,2508.000,282,139355.43
MCOU,NY,00169406012,VICTOZA 2-,2013,3,false,16264.982,2705,889621.89
FFSU,NY,00169406012,VICTOZA 2-,2013,3,false,939.000,159,51284.62
FFSU,NY,00169406013,VICTOZA 3-,2013,3,false,2499.000,282,136530.96
MCOU,NY,00169406013,VICTOZA 3-,2013,3,false,25130.991,2808,1379729.40
MCOU,NY,00169406012,VICTOZA 6M,2013,2,false,15636.000,2603,843108.28
FFSU,NY,00169406012,VICTOZA 6M,2013,2,false,809.000,136,43439.70
FFSU,NY,00169406013,VICTOZA 6M,2013,2,false,2637.000,296,140250.59
MCOU,NY,00169406013,VICTOZA 3-,2013,2,false,23523.000,2630,1272366.89
FFSU,NY,00169406012,VICTOZA 2-,2013,1,false,834.000,139,40841.65
MCOU,NY,00169406012,VICTOZA 6M,2013,1,false,17276.874,2848,868945.06
MCOU,NY,00169406013,VICTOZA 6M,2013,1,false,24982.126,2801,1270414.24
FFSU,NY,00169406013,VICTOZA 3-,2013,1,false,2334.000,262,109366.47
FFSU,OH,00169406012,VICTOZA 2-,2013,4,false,1197.000,203,102747.70
MCOU,OH,00169406012,Victoza 6M,2013,4,false,7146.000,1192,357971.68
FFSU,OH,00169406013,VICTOZA 3-,2013,4,false,2493.000,281,219772.98
MCOU,OH,00169406013,Victoza 6M,2013,4,false,14196.000,1602,711412.24
FFSU,OH,00169406012,VICTOZA 2-,2013,3,false,1300.000,216,106740.56
MCOU,OH,00169406012,Victoza 6M,2013,3,false,6716.000,1119,333197.38
FFSU,OH,00169406013,VICTOZA 3-,2013,3,false,2601.000,291,229946.01
MCOU,OH,00169406013,Victoza 6M,2013,3,false,13521.000,1516,661694.91
FFSU,OH,00169406012,VICTOZA 2-,2013,2,false,2220.000,370,125973.38
MCOU,OH,00169406012,VICTOZA 2-,2013,2,false,6675.000,1105,342246.18
FFSU,OH,00169406013,VICTOZA 3-,2013,2,false,4173.000,466,238661.24
MCOU,OH,00169406013,VICTOZA 3-,2013,2,false,12987.000,1462,667568.44
FFSU,OH,00169406012,VICTOZA 2-,2013,1,false,915.000,152,48987.48
MCOU,OH,00169406012,Victoza 6M,2013,1,false,7410.000,1232,377829.14
MCOU,OH,00169406013,Victoza 6M,2013,1,false,13130.000,1465,663727.65
FFSU,OH,00169406013,VICTOZA 3-,2013,1,false,1818.000,199,98721.24
FFSU,OK,00169406012,VICTOZA 6M,2013,4,false,1098.000,183,62345.61
FFSU,OK,00169406013,VICTOZA 6M,2013,4,false,3567.000,390,206477.10
FFSU,OK,00169406012,Victoza 6M,2013,3,false,940.000,157,52932.57
FFSU,OK,00169406013,Victoza 6M,2013,3,false,3291.000,364,188756.67
FFSU,OK,00169406012,Victoza 6M,2013,2,false,738.000,123,41142.73
FFSU,OK,00169406013,Victoza 6M,2013,2,false,2875.000,318,161480.36
FFSU,OK,00169406012,Victoza 6M,2013,1,false,672.000,112,35775.20
FFSU,OK,00169406013,Victoza 6M,2013,1,false,2530.000,283,134467.47
FFSU,OR,00169406012,Victoza 6M,2013,4,true,,,
MCOU,OR,00169406012,Victoza 6M,2013,4,false,168.000,28,9392.17
MCOU,OR,00169406013,Victoza 6M,2013,4,false,642.000,72,35297.61
FFSU,OR,00169406013,Victoza 6M,2013,4,true,,,
FFSU,OR,00169406012,Victoza 6M,2013,3,true,,,
MCOU,OR,00169406012,Victoza 6M,2013,3,false,276.000,45,15034.52
MCOU,OR,00169406013,Victoza 6M,2013,3,false,708.000,79,38530.14
FFSU,OR,00169406013,Victoza 6M,2013,3,true,,,
MCOU,OR,00169406012,Victoza 6M,2013,2,false,174.000,29,8978.62
FFSU,OR,00169406012,Victoza 6M,2013,2,true,,,
FFSU,OR,00169406013,Victoza 6M,2013,2,true,,,
MCOU,OR,00169406013,Victoza 6M,2013,2,false,684.000,76,35777.74
FFSU,OR,00169406012,Victoza 6M,2013,1,true,,,
MCOU,OR,00169406012,Victoza 6M,2013,1,false,372.000,58,18722.01
FFSU,OR,00169406013,Victoza 6M,2013,1,true,,,
MCOU,OR,00169406013,Victoza 6M,2013,1,false,396.000,44,20088.07
MCOU,PA,00169406012,VICTOZA 2-,2013,4,false,2838.000,463,157733.23
FFSU,PA,00169406012,VICTOZA 2-,2013,4,true,,,
FFSU,PA,00169406013,VICTOZA 3-,2013,4,false,198.000,20,11166.65
MCOU,PA,00169406013,Victoza 6M,2013,4,false,5748.000,580,316469.32
FFSU,PA,00169406012,VICTOZA 2-,2013,3,false,63.000,11,3556.84
MCOU,PA,00169406012,VICTOZA 2-,2013,3,false,2277.000,371,126202.75
FFSU,PA,00169406013,VICTOZA 3-,2013,3,false,153.000,15,8630.05
MCOU,PA,00169406013,Victoza 6M,2013,3,false,5385.000,549,295903.79
FFSU,PA,00169406012,VICTOZA 2-,2013,2,false,69.000,12,3633.78
MCOU,PA,00169406012,VICTOZA 2-,2013,2,false,2097.000,343,111832.22
MCOU,PA,00169406013,VICTOZA 3-,2013,2,false,4626.000,478,244872.20
FFSU,PA,00169406013,VICTOZA 3-,2013,2,false,153.000,15,8072.79
FFSU,PA,00169406012,VICTOZA 2-,2013,1,false,102.000,17,5343.85
MCOU,PA,00169406012,VICTOZA 2-,2013,1,false,1719.000,283,88831.17
MCOU,PA,00169406013,VICTOZA 3-,2013,1,false,3315.000,343,168262.89
FFSU,PA,00169406013,VICTOZA 3-,2013,1,false,267.000,26,13964.57
MCOU,RI,00169406012,Victoza 6M,2013,4,false,234.000,39,13395.45
FFSU,RI,00169406012,Victoza 6M,2013,4,true,,,
FFSU,RI,00169406013,Victoza 6M,2013,4,true,,,
MCOU,RI,00169406013,Victoza 6M,2013,4,false,306.000,36,17232.92
MCOU,RI,00169406012,Victoza 6M,2013,3,false,210.000,35,11759.44
FFSU,RI,00169406012,Victoza 6M,2013,3,true,,,
MCOU,RI,00169406013,Victoza 6M,2013,3,false,306.000,34,16609.56
FFSU,RI,00169406013,Victoza 6M,2013,3,true,,,
FFSU,RI,00169406012,Victoza 6M,2013,2,true,,,
MCOU,RI,00169406012,Victoza 6M,2013,2,false,150.000,25,8255.24
MCOU,RI,00169406013,Victoza 6M,2013,2,false,279.000,31,15263.59
FFSU,RI,00169406013,Victoza 6M,2013,2,true,,,
FFSU,RI,00169406012,Victoza 6M,2013,1,true,,,
MCOU,RI,00169406012,Victoza 6M,2013,1,false,114.000,19,5933.33
MCOU,RI,00169406013,Victoza 6M,2013,1,false,144.000,16,7449.41
FFSU,RI,00169406013,Victoza 6M,2013,1,true,,,
FFSU,SC,00169406012,VICTOZA 2-,2013,4,true,,,
MCOU,SC,00169406012,VICTOZA 2-,2013,4,false,384.000,64,21382.84
FFSU,SC,00169406013,VICTOZA 3-,2013,4,false,504.000,54,27328.00
MCOU,SC,00169406013,VICTOZA 3-,2013,4,false,588.000,66,33567.70
MCOU,SC,00169406012,VICTOZA 2-,2013,3,false,210.000,35,10669.66
FFSU,SC,00169406012,VICTOZA 2-,2013,3,true,,,
FFSU,SC,00169406013,VICTOZA 3-,2013,3,false,468.000,52,25685.18
MCOU,SC,00169406013,VICTOZA 3-,2013,3,false,675.000,75,37163.54
MCOU,SC,00169406012,VICTOZA 2-,2013,2,false,180.000,30,9159.77
FFSU,SC,00169406012,VICTOZA 2-,2013,2,true,,,
MCOU,SC,00169406013,VICTOZA 3-,2013,2,false,606.000,68,32543.30
FFSU,SC,00169406013,VICTOZA 3-,2013,2,false,333.000,37,17986.49
FFSU,SC,00169406012,VICTOZA 2-,2013,1,false,69.000,11,3515.35
MCOU,SC,00169406012,VICTOZA 2-,2013,1,false,180.000,30,8663.87
MCOU,SC,00169406013,VICTOZA 3-,2013,1,false,651.000,73,33076.28
FFSU,SC,00169406013,VICTOZA 3-,2013,1,false,399.000,42,20323.88
FFSU,SD,00169406012,Victoza 6M,2013,4,true,,,
FFSU,SD,00169406013,Victoza 6M,2013,4,false,441.000,49,25482.43
FFSU,SD,00169406012,Victoza 6M,2013,3,false,135.000,21,7744.74
FFSU,SD,00169406013,Victoza 6M,2013,3,false,384.000,43,21972.65
FFSU,SD,00169406012,Victoza 6M,2013,2,false,177.000,29,9894.80
FFSU,SD,00169406013,Victoza 6M,2013,2,false,435.000,49,24211.85
FFSU,SD,00169406012,Victoza 6M,2013,1,false,161.000,28,8558.84
FFSU,SD,00169406013,Victoza 6M,2013,1,false,342.000,38,18151.84
FFSU,TN,00169406012,VICTOZA 2-,2013,4,false,1361.000,228,77046.68
FFSU,TN,00169406013,VICTOZA 3-,2013,4,false,3396.000,379,189799.38
FFSU,TN,00169406012,VICTOZA 2-,2013,3,false,545.000,92,30730.40
FFSU,TN,00169406013,VICTOZA 3-,2013,3,false,2097.000,234,116918.46
FFSU,TN,00169406012,VICTOZA 2-,2013,2,false,552.000,92,31094.74
FFSU,TN,00169406013,VICTOZA 6M,2013,2,false,2169.000,242,122880.23
FFSU,TN,00169406012,VICTOZA 6M,2013,1,false,534.000,89,28412.90
FFSU,TN,00169406013,VICTOZA 6M,2013,1,false,2127.000,237,114646.87
MCOU,TX,00169406012,VICTOZA 2-,2013,4,false,2421.000,403,135454.69
FFSU,TX,00169406012,VICTOZA 2-,2013,4,false,303.000,44,16825.06
MCOU,TX,00169406013,VICTOZA 3-,2013,4,false,5199.000,583,289574.56
FFSU,TX,00169406013,VICTOZA 3-,2013,4,false,297.000,27,13540.64
MCOU,TX,00169406012,VICTOZA 2-,2013,3,false,2592.000,429,143351.20
FFSU,TX,00169406012,VICTOZA 2-,2013,3,false,303.000,46,17426.34
FFSU,TX,00169406013,VICTOZA 3-,2013,3,false,411.000,36,18416.12
MCOU,TX,00169406013,VICTOZA 3-,2013,3,false,5118.000,572,277532.15
FFSU,TX,00169406012,VICTOZA 2-,2013,2,false,276.000,41,14834.05
MCOU,TX,00169406012,VICTOZA 2-,2013,2,false,2736.000,453,147609.47
MCOU,TX,00169406013,VICTOZA 3-,2013,2,false,5325.000,593,281081.32
FFSU,TX,00169406013,VICTOZA 3-,2013,2,false,393.000,39,17794.70
FFSU,TX,00169406012,VICTOZA 2-,2013,1,false,306.000,45,16342.36
MCOU,TX,00169406012,VICTOZA 2-,2013,1,false,2507.000,420,128077.84
MCOU,TX,00169406013,VICTOZA 3-,2013,1,false,5223.000,584,264419.18
FFSU,TX,00169406013,VICTOZA 3-,2013,1,false,459.000,44,24322.82
MCOU,UT,00169406012,VICTOZA   ,2013,4,false,108.000,18,6401.42
FFSU,UT,00169406012,VICTOZA   ,2013,4,false,186.000,31,9914.25
MCOU,UT,00169406013,VICTOZA   ,2013,4,false,261.000,32,15233.10
FFSU,UT,00169406013,VICTOZA   ,2013,4,false,198.000,22,10974.62
MCOU,UT,00169406012,VICTOZA   ,2013,3,false,81.000,19,4578.89
FFSU,UT,00169406012,VICTOZA   ,2013,3,false,210.000,35,11468.70
FFSU,UT,00169406013,VICTOZA   ,2013,3,false,153.000,17,8334.16
MCOU,UT,00169406013,VICTOZA   ,2013,3,false,162.000,26,9272.74
MCOU,UT,00169406012,VICTOZA   ,2013,2,false,102.000,19,5727.58
FFSU,UT,00169406012,VICTOZA   ,2013,2,false,120.000,20,6397.20
FFSU,UT,00169406013,VICTOZA   ,2013,2,false,189.000,21,10083.10
MCOU,UT,00169406013,VICTOZA   ,2013,2,false,82.000,20,4504.47
FFSU,UT,00169406012,VICTOZA   ,2013,1,false,120.000,20,6067.90
MCOU,UT,00169406012,VICTOZA   ,2013,1,false,84.000,24,4397.26
MCOU,UT,00169406013,VICTOZA   ,2013,1,false,60.000,14,3128.65
FFSU,UT,00169406013,VICTOZA   ,2013,1,false,117.000,13,5902.20
MCOU,VA,00169406012,VICTOZA 2-,2013,4,false,648.000,108,37044.06
FFSU,VA,00169406012,Victoza 6M,2013,4,true,,,
FFSU,VA,00169406013,Victoza 6M,2013,4,true,,,
MCOU,VA,00169406013,VICTOZA 3-,2013,4,false,2115.001,236,119273.64
MCOU,VA,00169406012,VICTOZA 2-,2013,3,false,678.000,112,38362.08
FFSU,VA,00169406012,Victoza 6M,2013,3,true,,,
FFSU,VA,00169406013,Victoza 6M,2013,3,false,108.000,12,6194.16
MCOU,VA,00169406013,VICTOZA 3-,2013,3,false,2433.000,273,135495.14
FFSU,VA,00169406012,Victoza 6M,2013,2,true,,,
MCOU,VA,00169406012,VICTOZA 2-,2013,2,false,699.000,116,39007.88
MCOU,VA,00169406013,VICTOZA 3-,2013,2,false,2238.000,250,122145.01
FFSU,VA,00169406013,Victoza 6M,2013,2,true,,,
FFSU,VA,00169406012,Victoza 6M,2013,1,true,,,
MCOU,VA,00169406012,Victoza 6M,2013,1,false,678.000,113,35328.38
MCOU,VA,00169406013,VICTOZA 3-,2013,1,false,1938.000,216,0.01
FFSU,VA,00169406013,Victoza 6M,2013,1,false,153.000,17,8129.91
FFSU,VT,00169406012,Victoza 6M,2013,4,false,174.000,22,10020.50
FFSU,VT,00169406013,Victoza 6M,2013,4,false,864.000,78,49627.35
FFSU,VT,00169406012,Victoza 6M,2013,3,false,132.000,20,7479.59
FFSU,VT,00169406013,Victoza 6M,2013,3,false,621.000,54,35059.71
FFSU,VT,00169406012,Victoza 6M,2013,2,false,144.000,14,7865.91
FFSU,VT,00169406013,Victoza 6M,2013,2,false,594.000,52,32930.60
FFSU,VT,00169406012,Victoza 6M,2013,1,false,114.000,12,5961.08
FFSU,VT,00169406013,Victoza 6M,2013,1,false,342.000,28,17891.67
MCOU,WA,00169406012,Victoza 6M,2013,4,false,348.000,58,19205.70
FFSU,WA,00169406012,Victoza 6M,2013,4,false,90.000,15,4180.04
FFSU,WA,00169406013,Victoza 6M,2013,4,false,141.000,17,6895.20
MCOU,WA,00169406013,Victoza 6M,2013,4,false,615.000,69,34055.64
MCOU,WA,00169406012,Victoza 6M,2013,3,false,234.000,39,12878.54
FFSU,WA,00169406012,Victoza 6M,2013,3,false,78.000,13,3724.22
FFSU,WA,00169406013,Victoza 6M,2013,3,false,153.000,18,7998.01
MCOU,WA,00169406013,Victoza 6M,2013,3,false,522.000,59,28637.55
MCOU,WA,00169406012,Victoza 6M,2013,2,false,132.000,22,6757.05
FFSU,WA,00169406012,Victoza 6M,2013,2,true,,,
FFSU,WA,00169406013,Victoza 6M,2013,2,false,135.000,15,6518.75
MCOU,WA,00169406013,Victoza 6M,2013,2,false,198.000,22,10104.48
FFSU,WA,00169406012,Victoza 6M,2013,1,false,72.000,11,3455.87
MCOU,WA,00169406012,Victoza 6M,2013,1,false,249.000,41,12486.19
MCOU,WA,00169406013,Victoza 6M,2013,1,false,405.000,46,20695.30
FFSU,WA,00169406013,Victoza 6M,2013,1,false,150.000,17,7018.57
MCOU,WI,00169406012,Victoza 6M,2013,4,true,,,
FFSU,WI,00169406012,Victoza 6M,2013,4,false,156.000,24,9481.59
MCOU,WI,00169406013,Victoza 6M,2013,4,true,,,
FFSU,WI,00169406013,Victoza 6M,2013,4,false,447.000,48,25601.47
FFSU,WI,00169406012,Victoza 6M,2013,3,false,126.000,19,7718.49
MCOU,WI,00169406012,Victoza 6M,2013,3,true,,,
FFSU,WI,00169406013,Victoza 6M,2013,3,false,405.000,44,22706.71
MCOU,WI,00169406013,Victoza 6M,2013,3,true,,,
MCOU,WI,00169406012,Victoza 6M,2013,2,true,,,
FFSU,WI,00169406012,Victoza 6M,2013,2,false,108.000,16,6631.50
FFSU,WI,00169406013,Victoza 6M,2013,2,false,504.000,55,27384.40
MCOU,WI,00169406012,Victoza 6M,2013,1,true,,,
FFSU,WI,00169406012,Victoza 6M,2013,1,false,108.000,15,5598.02
FFSU,WI,00169406013,Victoza 6M,2013,1,false,405.000,45,21698.15
FFSU,WV,00169406012,VICTOZA 2-,2013,4,false,975.000,163,54217.88
MCOU,WV,00169406012,VICTOZA 2-,2013,4,false,132.000,22,7367.45
MCOU,WV,00169406013,VICTOZA 3-,2013,4,false,189.000,21,11010.58
FFSU,WV,00169406013,VICTOZA 3-,2013,4,false,1845.000,204,102612.97
MCOU,WV,00169406012,VICTOZA 2-,2013,3,false,192.000,32,10721.31
FFSU,WV,00169406012,VICTOZA 2-,2013,3,false,1039.000,175,57628.91
FFSU,WV,00169406013,VICTOZA 3-,2013,3,false,2034.000,226,113161.54
MCOU,WV,00169406013,VICTOZA 3-,2013,3,false,153.000,17,8586.00
FFSU,WV,00169406012,VICTOZA 2-,2013,2,false,1166.000,198,62231.53
MCOU,WV,00169406012,VICTOZA 2-,2013,2,false,102.000,17,7585.61
FFSU,WV,00169406013,VICTOZA 3-,2013,2,false,2040.000,228,108786.90
MCOU,WV,00169406013,VICTOZA 3-,2013,2,false,108.000,11,9019.79
FFSU,WV,00169406012,VICTOZA 2-,2013,1,false,1239.000,212,63801.60
FFSU,WV,00169406013,VICTOZA 3-,2013,1,false,2403.000,267,123757.03
FFSU,WY,00169406012,Victoza 6M,2013,4,false,72.000,11,4298.26
FFSU,WY,00169406013,Victoza 6M,2013,4,true,,,
FFSU,WY,00169406012,Victoza 6M,2013,3,false,78.000,13,4549.61
FFSU,WY,00169406013,Victoza 6M,2013,3,true,,,
FFSU,WY,00169406012,VICTOZA   ,2013,2,false,78.000,13,4471.88
FFSU,WY,00169406013,VICTOZA   ,2013,2,true,,,
FFSU,WY,00169406012,VICTOZA   ,2013,1,true,,,
FFSU,AK,66780021007,BYETTA    ,2013,4,true,,,
FFSU,AK,66780021201,BYETTA    ,2013,4,false,38.400,16,6224.76
FFSU,AK,66780021007,BYETTA    ,2013,3,false,13.200,11,4233.21
FFSU,AK,66780021201,BYETTA    ,2013,3,false,45.600,19,7204.11
FFSU,AK,66780021007,BYETTA    ,2013,2,false,13.200,11,4125.25
FFSU,AK,66780021201,BYETTA    ,2013,2,false,45.600,19,7242.83
FFSU,AK,66780021007,BYETTA    ,2013,1,false,16.800,14,4853.56
FFSU,AK,66780021008,BYETTA    ,2013,1,true,,,
FFSU,AK,66780021201,BYETTA    ,2013,1,false,52.800,22,7665.24
FFSU,AL,66780021007,BYETTA (EX,2013,4,false,69.600,58,21048.21
FFSU,AL,66780021201,BYETTA (EX,2013,4,false,204.000,85,30341.82
FFSU,AL,66780021007,BYETTA (EX,2013,3,false,74.400,62,22485.96
FFSU,AL,66780021201,BYETTA (EX,2013,3,false,247.200,102,37131.92
FFSU,AL,66780021007,BYETTA (EX,2013,2,false,94.800,79,27512.85
FFSU,AL,66780021201,BYETTA (EX,2013,2,false,304.800,126,44074.30
FFSU,AL,66780021007,BYETTA (EX,2013,1,false,112.800,94,29970.02
FFSU,AL,66780021201,BYETTA (EX,2013,1,false,388.800,157,51485.53
FFSU,AR,66780021007,BYETTA (EX,2013,4,true,,,
FFSU,AR,66780021201,BYETTA (EX,2013,4,true,,,
FFSU,AR,66780021007,BYETTA (EX,2013,3,true,,,
FFSU,AR,66780021201,BYETTA (EX,2013,3,true,,,
FFSU,AR,66780021007,BYETTA (EX,2013,2,true,,,
FFSU,AR,66780021201,BYETTA (EX,2013,2,true,,,
FFSU,AR,66780021007,BYETTA (EX,2013,1,true,,,
FFSU,AR,66780021201,BYETTA (EX,2013,1,true,,,
MCOU,AZ,66780021007,BYETTA    ,2013,4,false,130.400,107,37868.13
MCOU,AZ,66780021201,BYETTA    ,2013,4,false,444.000,183,65387.46
MCOU,AZ,66780021007,BYETTA    ,2013,3,false,83.000,68,24251.26
MCOU,AZ,66780021201,BYETTA    ,2013,3,false,286.000,119,42247.00
MCOU,AZ,66780021007,BYETTA    ,2013,2,false,90.000,70,23734.88
MCOU,AZ,66780021201,BYETTA    ,2013,2,false,295.200,123,40793.81
MCOU,AZ,66780021007,BYETTA    ,2013,1,false,67.200,56,18120.17
MCOU,AZ,66780021201,BYETTA    ,2013,1,false,177.600,98,31589.04
FFSU,CA,66780021007,BYETTA  EX,2013,4,false,103.200,83,30963.37
MCOU,CA,66780021007,BYETTA  EX,2013,4,false,147.000,125,44071.41
MCOU,CA,66780021201,BYETTA  EX,2013,4,false,824.000,350,125015.26
FFSU,CA,66780021201,BYETTA  EX,2013,4,false,602.400,244,89237.98
FFSU,CA,66780021007,BYETTA  EX,2013,3,false,153.200,127,46118.35
MCOU,CA,66780021007,BYETTA  EX,2013,3,false,170.400,143,51792.40
FFSU,CA,66780021008,BYETTA  EX,2013,3,true,,,
FFSU,CA,66780021201,BYETTA  EX,2013,3,false,835.200,335,122842.28
MCOU,CA,66780021201,BYETTA  EX,2013,3,false,845.600,355,127248.11
FFSU,CA,66780021007,BYETTA  EX,2013,2,false,177.600,140,52551.25
MCOU,CA,66780021007,BYETTA  EX,2013,2,false,176.400,158,52799.85
FFSU,CA,66780021008,BYETTA  EX,2013,2,true,,,
FFSU,CA,66780021201,BYETTA  EX,2013,2,false,758.400,306,110826.78
MCOU,CA,66780021201,BYETTA  EX,2013,2,false,1012.800,432,150769.61
FFSU,CA,66780021007,BYETTA  EX,2013,1,false,194.400,154,51771.75
MCOU,CA,66780021007,BYETTA  EX,2013,1,false,226.800,194,61782.91
FFSU,CA,66780021008,BYETTA  EX,2013,1,true,,,
FFSU,CA,66780021201,BYETTA  EX,2013,1,false,806.400,319,106571.65
MCOU,CA,66780021201,BYETTA  EX,2013,1,false,1108.800,478,145582.64
FFSU,CO,66780021007,BYETTA 5 M,2013,4,false,84.000,64,24402.74
FFSU,CO,66780021201,BYETTA    ,2013,4,false,408.000,143,59028.34
FFSU,CO,66780021007,BYETTA    ,2013,3,false,100.800,71,30073.47
FFSU,CO,66780021201,BYETTA    ,2013,3,false,403.200,146,58486.34
FFSU,CO,66780021007,BYETTA    ,2013,2,false,84.000,64,24528.69
FFSU,CO,66780021201,BYETTA    ,2013,2,false,453.600,166,63971.00
FFSU,CO,66780021007,BYETTA 5 M,2013,1,false,84.000,63,23036.66
FFSU,CO,66780021201,BYETTA    ,2013,1,false,528.000,191,71103.40
FFSU,CT,66780021007,BYETTA (EX,2013,4,false,26.400,22,7862.32
FFSU,CT,66780021201,BYETTA (EX,2013,4,false,163.200,60,24302.15
FFSU,CT,66780021007,BYETTA (EX,2013,3,false,38.400,27,11429.90
FFSU,CT,66780021201,BYETTA (EX,2013,3,false,254.400,92,37881.11
FFSU,CT,66780021007,BYETTA (EX,2013,2,false,33.600,26,9853.71
FFSU,CT,66780021201,BYETTA (EX,2013,2,false,304.800,110,44661.15
FFSU,CT,66780021007,BYETTA (EX,2013,1,false,40.800,31,10858.69
FFSU,CT,66780021008,BYETTA (EX,2013,1,true,,,
FFSU,CT,66780021201,BYETTA (EX,2013,1,false,278.400,103,37045.48
FFSU,DC,66780021007,BYETTA 5 M,2013,4,true,,,
MCOU,DC,66780021007,BYETTA 5 M,2013,4,true,,,
MCOU,DC,66780021201,BYETTA 10 ,2013,4,false,26.400,11,3932.28
FFSU,DC,66780021201,BYETTA 10 ,2013,4,false,26.400,11,4038.87
MCOU,DC,66780021007,BYETTA 5 M,2013,3,true,,,
FFSU,DC,66780021007,BYETTA 5 M,2013,3,true,,,
MCOU,DC,66780021201,BYETTA 10 ,2013,3,true,,,
FFSU,DC,66780021201,BYETTA 10 ,2013,3,false,36.000,15,5507.55
FFSU,DC,66780021007,BYETTA 5 M,2013,2,true,,,
MCOU,DC,66780021007,BYETTA 5 M,2013,2,true,,,
MCOU,DC,66780021201,BYETTA 10 ,2013,2,false,24.400,11,3962.79
FFSU,DC,66780021201,BYETTA 10 ,2013,2,false,33.600,14,5062.46
FFSU,DC,66780021007,BYETTA 5 M,2013,1,true,,,
MCOU,DC,66780021007,BYETTA 5 M,2013,1,true,,,
MCOU,DC,66780021201,BYETTA 10 ,2013,1,false,32.400,16,5187.66
FFSU,DC,66780021201,BYETTA 10 ,2013,1,false,25.000,11,3420.89
FFSU,DE,66780021007,BYETTA (EX,2013,4,true,,,
FFSU,DE,66780021201,BYETTA (EX,2013,4,false,163.200,50,24760.83
FFSU,DE,66780021007,BYETTA (EX,2013,3,false,13.200,11,4025.01
FFSU,DE,66780021201,BYETTA (EX,2013,3,false,168.000,54,25507.24
FFSU,DE,66780021007,BYETTA (EX,2013,2,true,,,
FFSU,DE,66780021201,BYETTA (EX,2013,2,false,206.400,64,30424.43
FFSU,DE,66780021007,BYETTA (EX,2013,1,false,18.000,15,4906.50
FFSU,DE,66780021201,BYETTA (EX,2013,1,false,278.400,84,37773.68
FFSU,FL,66780021007,BYETTA    ,2013,4,false,618.000,512,183638.29
MCOU,FL,66780021007,BYETTA    ,2013,4,false,79.200,65,23773.17
MCOU,FL,66780021201,BYETTA    ,2013,4,false,184.800,77,27351.23
FFSU,FL,66780021201,BYETTA    ,2013,4,false,1761.600,729,265449.72
MCOU,FL,66780021007,BYETTA    ,2013,3,false,72.000,60,21586.13
FFSU,FL,66780021007,BYETTA    ,2013,3,false,537.460,444,160498.58
FFSU,FL,66780021201,BYETTA    ,2013,3,false,1735.200,718,261098.99
MCOU,FL,66780021201,BYETTA    ,2013,3,false,187.200,78,27750.07
MCOU,FL,66780021007,BYETTA    ,2013,2,false,81.600,68,23012.92
FFSU,FL,66780021007,BYETTA    ,2013,2,false,565.200,459,166294.00
FFSU,FL,66780021201,BYETTA    ,2013,2,false,1867.200,769,276466.83
MCOU,FL,66780021201,BYETTA    ,2013,2,false,350.400,146,48852.35
MCOU,FL,66780021007,BYETTA    ,2013,1,false,61.200,51,16321.61
FFSU,FL,66780021007,BYETTA    ,2013,1,false,553.000,451,148910.08
FFSU,FL,66780021201,BYETTA    ,2013,1,false,1896.000,775,254361.50
MCOU,FL,66780021201,BYETTA    ,2013,1,false,218.000,91,29019.78
MCOU,GA,66780021007,BYETTA    ,2013,4,true,,,
FFSU,GA,66780021007,BYETTA    ,2013,4,true,,,
FFSU,GA,66780021201,BYETTA    ,2013,4,false,93.600,39,14111.44
MCOU,GA,66780021201,BYETTA (EX,2013,4,true,,,
FFSU,GA,66780021007,BYETTA    ,2013,3,false,22.800,19,6912.61
MCOU,GA,66780021007,BYETTA    ,2013,3,true,,,
MCOU,GA,66780021201,BYETTA    ,2013,3,false,48.000,20,7138.20
FFSU,GA,66780021201,BYETTA    ,2013,3,false,86.400,36,13062.06
FFSU,GA,66780021007,BYETTA    ,2013,2,false,18.000,15,5497.58
MCOU,GA,66780021007,BYETTA    ,2013,2,true,,,
MCOU,GA,66780021201,BYETTA    ,2013,2,false,45.600,19,6761.50
FFSU,GA,66780021201,BYETTA    ,2013,2,false,72.000,30,10719.52
FFSU,GA,66780021007,BYETTA    ,2013,1,false,32.400,27,8832.38
MCOU,GA,66780021007,BYETTA    ,2013,1,true,,,
MCOU,GA,66780021201,BYETTA    ,2013,1,false,57.600,24,7749.36
FFSU,GA,66780021201,BYETTA    ,2013,1,false,67.200,28,9045.24
MCOU,HI,66780021007,BYETTA 5 M,2013,4,false,12.600,12,4387.56
FFSU,HI,66780021008,BYETTA 10 ,2013,4,true,,,
MCOU,HI,66780021201,BYETTA 10 ,2013,4,false,162.400,75,26939.96
MCOU,HI,66780021007,BYETTA 5 M,2013,3,false,28.600,27,9632.43
MCOU,HI,66780021201,BYETTA 10 ,2013,3,false,152.000,71,25319.77
MCOU,HI,66780021007,BYETTA 5 M,2013,2,false,26.600,26,9423.55
MCOU,HI,66780021201,BYETTA 10 ,2013,2,false,172.400,80,28758.11
MCOU,HI,66780021007,BYETTA 5 M,2013,1,false,25.400,25,7849.64
MCOU,HI,66780021201,BYETTA 10 ,2013,1,false,162.000,74,24450.13
FFSU,IA,66780021007,BYETTA (EX,2013,4,false,36.000,30,8507.19
FFSU,IA,66780021008,BYETTA (EX,2013,4,false,26.400,11,2604.02
FFSU,IA,66780021201,BYETTA    ,2013,4,false,172.800,72,25518.35
FFSU,IA,66780021007,BYETTA    ,2013,3,false,32.400,27,7704.20
FFSU,IA,66780021008,BYETTA (EX,2013,3,true,,,
FFSU,IA,66780021201,BYETTA    ,2013,3,false,201.600,84,29774.30
FFSU,IA,66780021007,BYETTA    ,2013,2,false,25.200,21,6162.56
FFSU,IA,66780021008,BYETTA    ,2013,2,true,,,
FFSU,IA,66780021201,BYETTA    ,2013,2,false,184.800,77,26669.87
FFSU,IA,66780021007,BYETTA    ,2013,1,false,26.400,22,5972.08
FFSU,IA,66780021008,BYETTA    ,2013,1,true,,,
FFSU,IA,66780021201,BYETTA    ,2013,1,false,158.400,66,21530.80
FFSU,ID,66780021007,BYETTA    ,2013,4,false,56.400,47,16643.86
FFSU,ID,66780021201,BYETTA    ,2013,4,false,242.400,101,35723.77
FFSU,ID,66780021007,BYETTA    ,2013,3,false,55.200,46,16360.14
FFSU,ID,66780021201,BYETTA    ,2013,3,false,285.600,119,42327.07
FFSU,ID,66780021007,BYETTA    ,2013,2,false,78.000,65,22848.12
FFSU,ID,66780021201,BYETTA    ,2013,2,false,232.800,97,34023.98
FFSU,ID,66780021007,BYETTA    ,2013,1,false,57.600,48,15386.69
FFSU,ID,66780021201,BYETTA    ,2013,1,false,240.000,100,32003.53
MCOU,IL,66780021007,BYETTA 5 M,2013,4,false,22.800,19,7323.83
FFSU,IL,66780021007,BYETTA 5 M,2013,4,false,262.800,219,77850.12
FFSU,IL,66780021008,BYETTA 10 ,2013,4,true,,,
FFSU,IL,66780021201,BYETTA 10 ,2013,4,false,1118.400,466,165653.68
MCOU,IL,66780021201,BYETTA 10 ,2013,4,false,91.200,38,14278.77
FFSU,IL,66780021007,BYETTA 5 M,2013,3,false,226.800,189,67185.72
MCOU,IL,66780021007,BYETTA 5 M,2013,3,true,,,
FFSU,IL,66780021008,BYETTA (EX,2013,3,true,,,
FFSU,IL,66780021201,BYETTA (EX,2013,3,false,962.400,401,141798.69
MCOU,IL,66780021201,BYETTA 10 ,2013,3,false,52.800,22,7448.10
FFSU,IL,66780021007,BYETTA 5 M,2013,2,false,380.400,317,108109.73
FFSU,IL,66780021008,BYETTA 10 ,2013,2,true,,,
FFSU,IL,66780021201,BYETTA 10 ,2013,2,false,1492.800,622,212294.17
FFSU,IL,66780021007,BYETTA 5 M,2013,1,false,378.000,315,100059.75
MCOU,IL,66780021007,BYETTA 5 M,2013,1,true,,,
FFSU,IL,66780021008,BYETTA 10 ,2013,1,true,,,
MCOU,IL,66780021201,BYETTA 10 ,2013,1,false,28.800,12,12056.40
FFSU,IL,66780021201,BYETTA 10 ,2013,1,false,1516.800,632,200655.05
FFSU,IN,66780021007,BYETTA (EX,2013,4,false,98.400,72,28180.95
FFSU,IN,66780021201,BYETTA (EX,2013,4,false,463.200,158,69164.48
FFSU,IN,66780021007,BYETTA (EX,2013,3,false,99.600,74,29762.50
FFSU,IN,66780021201,BYETTA (EX,2013,3,false,487.200,168,72753.58
FFSU,IN,66780021007,BYETTA (EX,2013,2,false,102.000,74,30054.77
FFSU,IN,66780021201,BYETTA (EX,2013,2,false,578.400,205,84702.08
FFSU,IN,66780021007,BYETTA (EX,2013,1,false,139.200,104,37173.35
FFSU,IN,66780021201,BYETTA (EX,2013,1,false,578.400,198,77069.39
MCOU,KS,66780021007,BYETTA (EX,2013,4,false,16.800,14,5234.92
MCOU,KS,66780021201,BYETTA (EX,2013,4,false,86.400,36,13476.34
MCOU,KS,66780021007,BYETTA (EX,2013,3,true,,,
MCOU,KS,66780021201,BYETTA (EX,2013,3,false,28.800,12,3848.52
FFSU,KS,66780021007,BYETTA (EX,2013,1,true,,,
MCOU,KS,66780021007,BYETTA (EX,2013,1,true,,,
FFSU,KS,66780021201,BYETTA (EX,2013,1,true,,,
MCOU,KS,66780021201,BYETTA (EX,2013,1,true,,,
FFSU,KY,66780021007,BYETTA    ,2013,4,false,15.600,13,4710.96
MCOU,KY,66780021007,BYETTA    ,2013,4,false,86.400,71,26324.40
MCOU,KY,66780021201,BYETTA    ,2013,4,false,405.600,169,62927.97
FFSU,KY,66780021201,BYETTA    ,2013,4,false,79.200,29,11973.12
FFSU,KY,66780021007,BYETTA    ,2013,3,false,19.200,16,5820.72
MCOU,KY,66780021007,BYETTA    ,2013,3,false,99.600,81,30299.82
MCOU,KY,66780021201,BYETTA    ,2013,3,false,448.800,187,69507.52
FFSU,KY,66780021201,BYETTA    ,2013,3,false,69.600,27,10538.28
FFSU,KY,66780021007,BYETTA    ,2013,2,false,21.600,18,6348.57
MCOU,KY,66780021007,BYETTA    ,2013,2,false,84.000,70,25530.13
MCOU,KY,66780021201,BYETTA    ,2013,2,false,494.400,205,74997.21
FFSU,KY,66780021201,BYETTA    ,2013,2,false,76.800,30,11302.77
MCOU,KY,66780021007,BYETTA    ,2013,1,false,94.800,79,25804.54
FFSU,KY,66780021007,BYETTA    ,2013,1,false,22.200,16,5996.69
FFSU,KY,66780021201,BYETTA    ,2013,1,false,76.800,30,10388.61
MCOU,KY,66780021201,BYETTA    ,2013,1,true,,,
MCOU,LA,66780021007,BYETTA    ,2013,4,false,13.200,11,4053.60
FFSU,LA,66780021007,BYETTA    ,2013,4,false,45.600,32,13547.15
FFSU,LA,66780021201,BYETTA    ,2013,4,false,112.800,45,16763.66
MCOU,LA,66780021201,BYETTA    ,2013,4,false,88.800,37,13334.58
FFSU,LA,66780021007,BYETTA    ,2013,3,false,61.200,46,18250.13
MCOU,LA,66780021007,BYETTA    ,2013,3,true,,,
FFSU,LA,66780021201,BYETTA    ,2013,3,false,192.000,75,27163.67
MCOU,LA,66780021201,BYETTA    ,2013,3,false,100.800,40,14107.99
MCOU,LA,66780021007,BYETTA    ,2013,2,true,,,
FFSU,LA,66780021007,BYETTA    ,2013,2,false,67.200,51,19453.88
FFSU,LA,66780021201,BYETTA    ,2013,2,false,216.000,77,29783.82
MCOU,LA,66780021201,BYETTA    ,2013,2,false,96.000,40,13980.84
FFSU,LA,66780021007,BYETTA    ,2013,1,false,68.400,50,18372.39
MCOU,LA,66780021007,BYETTA    ,2013,1,false,25.200,21,6864.07
MCOU,LA,66780021201,BYETTA    ,2013,1,false,127.200,53,16965.12
FFSU,LA,66780021201,BYETTA    ,2013,1,false,242.400,90,31624.11
FFSU,MA,66780021007,BYETTA 5 M,2013,4,false,32.400,27,9841.97
MCOU,MA,66780021007,BYETTA 5 M,2013,4,false,48.000,38,14765.80
MCOU,MA,66780021201,BYETTA 10 ,2013,4,false,345.600,124,51405.25
FFSU,MA,66780021201,BYETTA 10 ,2013,4,false,240.000,100,36616.01
FFSU,MA,66780021007,BYETTA 5 M,2013,3,false,52.800,42,13712.50
MCOU,MA,66780021007,BYETTA 5 M,2013,3,false,58.800,45,17881.45
FFSU,MA,66780021201,BYETTA 10 ,2013,3,false,381.600,153,53215.22
MCOU,MA,66780021201,BYETTA 10 ,2013,3,false,432.000,167,63088.42
FFSU,MA,66780021007,BYETTA 5 M,2013,2,false,63.600,51,15826.28
MCOU,MA,66780021007,BYETTA 5 M,2013,2,false,70.800,53,21163.37
MCOU,MA,66780021201,BYETTA 10 ,2013,2,false,489.600,196,70687.58
FFSU,MA,66780021201,BYETTA 10 ,2013,2,false,374.400,154,50328.14
FFSU,MA,66780021007,BYETTA 5 M,2013,1,false,75.600,63,18436.16
MCOU,MA,66780021007,BYETTA 5 M,2013,1,false,72.000,57,19673.37
MCOU,MA,66780021008,BYETTA 10 ,2013,1,true,,,
FFSU,MA,66780021201,BYETTA 10 ,2013,1,false,321.600,134,42334.60
MCOU,MA,66780021201,BYETTA 10 ,2013,1,false,501.600,192,65545.38
FFSU,MD,66780021007,BYETTA 5 M,2013,4,true,,,
MCOU,MD,66780021007,BYETTA 5 M,2013,4,false,33.600,26,10170.92
FFSU,MD,66780021201,BYETTA 10 ,2013,4,true,,,
MCOU,MD,66780021201,BYETTA 10 ,2013,4,false,232.800,93,36207.68
MCOU,MD,66780021007,BYETTA 5 M,2013,3,false,24.000,20,7305.48
FFSU,MD,66780021007,BYETTA 5 M,2013,3,true,,,
FFSU,MD,66780021201,BYETTA 10 ,2013,3,true,,,
MCOU,MD,66780021201,BYETTA 10 ,2013,3,false,261.600,107,40550.48
MCOU,MD,66780021007,BYETTA 5 M,2013,2,false,32.400,26,9704.51
FFSU,MD,66780021007,BYETTA 5 M,2013,2,true,,,
FFSU,MD,66780021201,BYETTA 10 ,2013,2,false,48.000,16,7313.55
MCOU,MD,66780021201,BYETTA 10 ,2013,2,false,242.400,99,36317.72
FFSU,MD,66780021007,BYETTA 5 M,2013,1,true,,,
MCOU,MD,66780021007,BYETTA 5 M,2013,1,false,42.000,34,11771.48
MCOU,MD,66780021201,BYETTA 10 ,2013,1,false,254.400,106,34464.50
FFSU,MD,66780021201,BYETTA 10 ,2013,1,false,43.200,16,6047.71
FFSU,ME,66780021007,BYETTA    ,2013,4,false,37.200,31,11056.06
FFSU,ME,66780021201,BYETTA    ,2013,4,false,206.400,84,29982.67
FFSU,ME,66780021007,BYETTA    ,2013,3,false,26.400,18,7767.01
FFSU,ME,66780021201,BYETTA    ,2013,3,false,200.800,80,28799.80
FFSU,ME,66780021007,BYETTA    ,2013,2,false,34.800,27,9982.15
FFSU,ME,66780021008,BYETTA    ,2013,2,true,,,
FFSU,ME,66780021201,BYETTA    ,2013,2,false,179.600,67,24087.80
FFSU,ME,66780021007,BYETTA    ,2013,1,false,21.600,18,5700.20
FFSU,ME,66780021008,BYETTA    ,2013,1,true,,,
FFSU,ME,66780021201,BYETTA    ,2013,1,false,199.200,79,24290.04
FFSU,MI,66780021007,BYETTA    ,2013,4,true,,,
MCOU,MI,66780021007,BYETTA    ,2013,4,false,86.400,72,24970.36
FFSU,MI,66780021201,BYETTA    ,2013,4,false,48.000,20,7280.51
MCOU,MI,66780021201,BYETTA    ,2013,4,false,429.600,179,61666.10
MCOU,MI,66780021007,BYETTA    ,2013,3,false,93.600,78,25416.49
FFSU,MI,66780021007,BYETTA    ,2013,3,true,,,
FFSU,MI,66780021201,BYETTA    ,2013,3,false,86.400,30,12959.35
MCOU,MI,66780021201,BYETTA    ,2013,3,false,453.600,189,65137.91
FFSU,MI,66780021007,BYETTA    ,2013,2,false,24.000,15,7239.54
MCOU,MI,66780021007,BYETTA    ,2013,2,false,124.800,102,33501.61
FFSU,MI,66780021201,BYETTA    ,2013,2,false,62.400,20,9225.74
MCOU,MI,66780021201,BYETTA    ,2013,2,false,523.200,218,73155.54
MCOU,MI,66780021007,BYETTA    ,2013,1,false,141.600,114,36578.90
FFSU,MI,66780021007,BYETTA    ,2013,1,false,34.800,26,9124.33
FFSU,MI,66780021201,BYETTA    ,2013,1,false,105.600,32,14193.46
MCOU,MI,66780021201,BYETTA    ,2013,1,false,511.200,213,65150.70
FFSU,MN,66780021007,BYETTA    ,2013,4,false,62.400,52,18917.08
MCOU,MN,66780021007,BYETTA    ,2013,4,false,114.000,94,35505.90
MCOU,MN,66780021201,BYETTA    ,2013,4,false,662.000,286,105715.67
FFSU,MN,66780021201,BYETTA    ,2013,4,false,280.800,117,41662.21
FFSU,MN,66780021007,BYETTA    ,2013,3,false,78.000,65,22977.83
MCOU,MN,66780021007,BYETTA    ,2013,3,false,103.000,86,32205.77
MCOU,MN,66780021201,BYETTA    ,2013,3,false,807.600,352,129526.17
FFSU,MN,66780021201,BYETTA    ,2013,3,false,296.200,124,43065.21
MCOU,MN,66780021007,BYETTA    ,2013,2,false,145.000,122,45207.38
FFSU,MN,66780021007,BYETTA    ,2013,2,false,32.400,27,9395.67
MCOU,MN,66780021201,BYETTA    ,2013,2,false,792.800,344,126756.76
FFSU,MN,66780021201,BYETTA    ,2013,2,false,151.200,63,22195.16
FFSU,MN,66780021007,BYETTA    ,2013,1,false,58.800,49,15941.11
MCOU,MN,66780021007,BYETTA    ,2013,1,false,158.000,133,44526.52
FFSU,MN,66780021008,BYETTA    ,2013,1,true,,,
FFSU,MN,66780021201,BYETTA    ,2013,1,false,300.000,125,39587.37
MCOU,MN,66780021201,BYETTA    ,2013,1,false,896.800,386,128226.68
FFSU,MO,66780021007,BYETTA    ,2013,4,false,152.400,126,50517.17
FFSU,MO,66780021201,BYETTA    ,2013,4,false,676.800,282,110119.05
FFSU,MO,66780021007,BYETTA    ,2013,3,false,206.400,166,68085.07
FFSU,MO,66780021201,BYETTA    ,2013,3,false,820.800,339,134962.66
FFSU,MO,66780021007,BYETTA    ,2013,2,false,244.800,196,78259.93
FFSU,MO,66780021008,BYETTA    ,2013,2,true,,,
FFSU,MO,66780021201,BYETTA    ,2013,2,false,945.600,392,150607.13
FFSU,MO,66780021007,BYETTA    ,2013,1,false,210.000,174,62105.42
FFSU,MO,66780021201,BYETTA    ,2013,1,false,974.400,401,144081.65
FFSU,MS,66780021007,BYETTA 5 M,2013,4,false,22.800,19,7158.63
MCOU,MS,66780021007,BYETTA 5 M,2013,4,false,14.400,12,4521.24
MCOU,MS,66780021201,BYETTA 10 ,2013,4,false,64.800,27,10167.45
FFSU,MS,66780021201,BYETTA 10 ,2013,4,false,74.400,31,11679.87
MCOU,MS,66780021007,BYETTA 5 M,2013,3,false,19.200,16,6028.32
FFSU,MS,66780021007,BYETTA 5 M,2013,3,false,18.000,15,5651.55
FFSU,MS,66780021201,BYETTA 10 ,2013,3,false,105.600,44,16577.88
MCOU,MS,66780021201,BYETTA 10 ,2013,3,false,79.200,29,12414.19
MCOU,MS,66780021007,BYETTA 5 M,2013,2,false,15.600,13,4896.23
FFSU,MS,66780021007,BYETTA 5 M,2013,2,false,21.600,18,6502.14
FFSU,MS,66780021201,BYETTA 10 ,2013,2,false,72.000,30,10687.63
MCOU,MS,66780021201,BYETTA 10 ,2013,2,false,72.000,30,11254.57
FFSU,MS,66780021007,BYETTA 5 M,2013,1,false,15.600,13,4378.53
MCOU,MS,66780021007,BYETTA 5 M,2013,1,false,31.200,26,8757.06
MCOU,MS,66780021201,BYETTA 10 ,2013,1,false,93.600,39,13135.59
FFSU,MS,66780021201,BYETTA 10 ,2013,1,false,74.400,31,10441.11
FFSU,MT,66780021007,BYETTA 5 M,2013,4,false,28.800,24,8748.86
FFSU,MT,66780021008,BYETTA 10 ,2013,4,true,,,
FFSU,MT,66780021201,BYETTA 10 ,2013,4,false,156.000,65,23502.98
FFSU,MT,66780021007,BYETTA 5 M,2013,3,false,32.400,26,9889.26
FFSU,MT,66780021008,BYETTA 10 ,2013,3,true,,,
FFSU,MT,66780021201,BYETTA 10 ,2013,3,false,196.800,82,29718.18
FFSU,MT,66780021007,BYETTA 5 M,2013,2,false,38.400,30,11046.49
FFSU,MT,66780021008,BYETTA 10 ,2013,2,true,,,
FFSU,MT,66780021201,BYETTA 10 ,2013,2,false,158.400,66,22891.03
FFSU,MT,66780021007,BYETTA 5 M,2013,1,false,34.800,27,9368.71
FFSU,MT,66780021008,BYETTA 10 ,2013,1,true,,,
FFSU,MT,66780021201,BYETTA 10 ,2013,1,false,163.200,68,22212.66
FFSU,XX,66780021007,BYETTA (EX,2013,4,false,2881.300,2364,875965.52
MCOU,XX,66780021007,BYETTA (EX,2013,4,false,2875.000,2390,857398.03
FFSU,XX,66780021008,BYETTA (EX,2013,4,false,45.600,19,4604.51
FFSU,XX,66780021201,BYETTA (EX,2013,4,false,11728.100,4710,1793030.17
MCOU,XX,66780021201,BYETTA (EX,2013,4,false,13267.192,5530,1981075.69
FFSU,XX,66780021007,BYETTA (EX,2013,3,false,2994.660,2437,910572.96
MCOU,XX,66780021007,BYETTA (EX,2013,3,false,2697.800,2233,804568.02
FFSU,XX,66780021008,BYETTA (EX,2013,3,false,28.800,14,2996.25
MCOU,XX,66780021008,BYETTA (EX,2013,3,true,,,
FFSU,XX,66780021201,BYETTA (EX,2013,3,false,12751.401,5118,1944642.05
MCOU,XX,66780021201,BYETTA (EX,2013,3,false,14719.800,6124,2195268.43
FFSU,XX,66780021007,BYETTA (EX,2013,2,false,3324.800,2697,978565.32
MCOU,XX,66780021007,BYETTA (EX,2013,2,false,3164.400,2620,928879.73
FFSU,XX,66780021008,BYETTA (EX,2013,2,false,69.600,29,7487.80
MCOU,XX,66780021008,BYETTA (EX,2013,2,true,,,
FFSU,XX,66780021201,BYETTA (EX,2013,2,false,14104.200,5670,2077979.57
MCOU,XX,66780021201,BYETTA (EX,2013,2,false,15914.400,6647,2329462.85
FFSU,XX,66780021007,BYETTA (EX,2013,1,false,3400.400,2754,923878.80
MCOU,XX,66780021007,BYETTA (EX,2013,1,false,3571.200,2962,963221.66
FFSU,XX,66780021008,BYETTA (EX,2013,1,false,72.000,28,7675.76
MCOU,XX,66780021008,BYETTA (EX,2013,1,false,36.200,14,4327.43
FFSU,XX,66780021201,BYETTA (EX,2013,1,false,14733.400,5872,1996712.54
MCOU,XX,66780021201,BYETTA (EX,2013,1,false,16742.031,7059,2276085.02
FFSU,NC,66780021007,BYETTA    ,2013,4,false,480.300,400,149363.97
FFSU,NC,66780021201,BYETTA    ,2013,4,false,1517.300,627,236645.85
FFSU,NC,66780021007,BYETTA    ,2013,3,false,436.800,360,135023.46
FFSU,NC,66780021201,BYETTA    ,2013,3,false,1411.200,584,219699.55
FFSU,NC,66780021007,BYETTA    ,2013,2,false,435.600,360,132881.78
FFSU,NC,66780021008,BYETTA    ,2013,2,true,,,
FFSU,NC,66780021201,BYETTA    ,2013,2,false,1428.000,595,218156.70
FFSU,NC,66780021007,BYETTA 5 M,2013,1,false,427.200,341,119679.61
FFSU,NC,66780021008,BYETTA 10 ,2013,1,true,,,
FFSU,NC,66780021201,BYETTA 10 ,2013,1,false,1591.200,660,223606.70
FFSU,ND,66780021007,BYETTA 5 M,2013,4,true,,,
FFSU,ND,66780021201,BYETTA 10 ,2013,4,false,33.600,14,5367.02
FFSU,ND,66780021007,BYETTA 5 M,2013,3,true,,,
FFSU,ND,66780021201,BYETTA 10 ,2013,3,true,,,
FFSU,ND,66780021007,BYETTA 5 M,2013,2,true,,,
FFSU,ND,66780021201,BYETTA 10 ,2013,2,false,38.400,16,5889.54
FFSU,ND,66780021007,BYETTA 5 M,2013,1,true,,,
FFSU,ND,66780021201,BYETTA 10 ,2013,1,true,,,
FFSU,NE,66780021007,BYETTA (EX,2013,4,false,30.000,22,9462.15
FFSU,NE,66780021201,BYETTA (EX,2013,4,false,74.400,29,11678.54
FFSU,NE,66780021007,BYETTA (EX,2013,3,false,28.800,23,9095.51
FFSU,NE,66780021201,BYETTA (EX,2013,3,false,57.600,24,9082.66
FFSU,NE,66780021007,BYETTA (EX,2013,2,false,14.400,12,4508.08
FFSU,NE,66780021201,BYETTA (EX,2013,2,false,64.800,27,9932.26
FFSU,NE,66780021007,BYETTA (EX,2013,1,true,,,
FFSU,NE,66780021201,BYETTA (EX,2013,1,false,96.000,40,13556.39
MCOU,NH,66780021007,BYETTA    ,2013,4,true,,,
FFSU,NH,66780021007,BYETTA    ,2013,4,true,,,
MCOU,NH,66780021201,BYETTA    ,2013,4,false,32.800,14,5029.57
FFSU,NH,66780021201,BYETTA    ,2013,4,false,96.000,38,14240.76
FFSU,NH,66780021007,BYETTA    ,2013,3,false,18.000,15,5336.75
FFSU,NH,66780021201,BYETTA    ,2013,3,false,103.200,43,15247.89
FFSU,NH,66780021007,BYETTA    ,2013,2,true,,,
FFSU,NH,66780021201,BYETTA    ,2013,2,false,117.600,49,17004.24
FFSU,NH,66780021007,BYETTA    ,2013,1,true,,,
FFSU,NH,66780021201,BYETTA    ,2013,1,false,117.600,49,15574.48
MCOU,NJ,66780021007,BYETTA (EX,2013,4,false,49.200,51,22393.09
FFSU,NJ,66780021007,BYETTA (EX,2013,4,true,,,
MCOU,NJ,66780021201,BYETTA (EX,2013,4,false,496.800,217,80728.23
FFSU,NJ,66780021201,BYETTA (EX,2013,4,false,88.800,31,13019.47
MCOU,NJ,66780021007,BYETTA (EX,2013,3,false,98.400,87,33651.90
FFSU,NJ,66780021007,BYETTA (EX,2013,3,true,,,
FFSU,NJ,66780021201,BYETTA (EX,2013,3,false,98.400,37,14413.90
MCOU,NJ,66780021201,BYETTA (EX,2013,3,false,669.600,292,107108.39
MCOU,NJ,66780021007,BYETTA (EX,2013,2,false,146.400,130,43793.07
FFSU,NJ,66780021007,BYETTA (EX,2013,2,true,,,
MCOU,NJ,66780021008,BYETTA (EX,2013,2,true,,,
FFSU,NJ,66780021201,BYETTA (EX,2013,2,false,98.400,42,15264.40
MCOU,NJ,66780021201,BYETTA (EX,2013,2,false,811.200,336,105264.78
FFSU,NJ,66780021007,BYETTA (EX,2013,1,false,16.800,14,4414.79
MCOU,NJ,66780021007,BYETTA (EX,2013,1,false,163.200,158,50342.24
MCOU,NJ,66780021201,BYETTA (EX,2013,1,false,928.800,419,136924.96
FFSU,NJ,66780021201,BYETTA (EX,2013,1,false,88.800,33,11573.92
MCOU,NM,66780021007,BYETTA 5 M,2013,4,false,24.000,20,7416.10
FFSU,NM,66780021007,BYETTA 5 M,2013,4,true,,,
MCOU,NM,66780021201,BYETTA 10 ,2013,4,false,93.600,37,13815.21
FFSU,NM,66780021007,BYETTA 5 M,2013,3,true,,,
MCOU,NM,66780021007,BYETTA 5 M,2013,3,false,50.400,41,15494.99
MCOU,NM,66780021201,BYETTA 10 ,2013,3,false,213.600,87,32330.20
FFSU,NM,66780021201,BYETTA 10 ,2013,3,true,,,
MCOU,NM,66780021007,BYETTA 5 M,2013,2,false,62.400,51,18750.29
FFSU,NM,66780021007,BYETTA 5 M,2013,2,true,,,
FFSU,NM,66780021201,BYETTA 10 ,2013,2,true,,,
MCOU,NM,66780021201,BYETTA 10 ,2013,2,false,201.600,82,29851.87
MCOU,NM,66780021007,BYETTA 5 M,2013,1,false,121.200,99,30634.83
FFSU,NM,66780021007,BYETTA 5 M,2013,1,true,,,
MCOU,NM,66780021008,BYETTA 10 ,2013,1,true,,,
MCOU,NM,66780021201,BYETTA 10 ,2013,1,false,427.200,175,56648.06
FFSU,NM,66780021201,BYETTA 10 ,2013,1,true,,,
FFSU,NV,66780021007,BYETTA (EX,2013,4,true,,,
MCOU,NV,66780021007,BYETTA (EX,2013,4,true,,,
FFSU,NV,66780021201,BYETTA (EX,2013,4,false,69.600,25,10495.29
FFSU,NV,66780021007,BYETTA (EX,2013,3,true,,,
MCOU,NV,66780021007,BYETTA (EX,2013,3,true,,,
FFSU,NV,66780021201,BYETTA (EX,2013,3,false,36.000,13,5414.27
FFSU,NV,66780021007,BYETTA (EX,2013,2,true,,,
FFSU,NV,66780021201,BYETTA (EX,2013,2,false,55.200,21,8163.86
MCOU,NV,66780021201,BYETTA (EX,2013,2,true,,,
FFSU,NV,66780021007,BYETTA (EX,2013,1,false,18.000,15,4872.60
MCOU,NV,66780021007,BYETTA (EX,2013,1,true,,,
FFSU,NV,66780021201,BYETTA (EX,2013,1,false,62.400,25,8323.11
MCOU,NV,66780021201,BYETTA (EX,2013,1,true,,,
MCOU,NY,66780021007,BYETTA 5 M,2013,4,false,746.400,616,217186.75
FFSU,NY,66780021007,BYETTA 5 M,2013,4,false,70.800,59,20566.79
FFSU,NY,66780021201,BYETTA 10 ,2013,4,false,506.400,191,72658.76
MCOU,NY,66780021201,BYETTA 10 ,2013,4,false,3677.591,1532,545081.51
MCOU,NY,66780021007,BYETTA 5 M,2013,3,false,620.400,506,183651.38
FFSU,NY,66780021007,BYETTA 5 M,2013,3,false,72.000,60,21289.60
MCOU,NY,66780021201,BYETTA 10 ,2013,3,false,4193.800,1764,625316.87
FFSU,NY,66780021201,BYETTA 10 ,2013,3,false,576.000,228,83738.87
MCOU,NY,66780021007,BYETTA 5 M,2013,2,false,712.800,591,209613.26
FFSU,NY,66780021007,BYETTA 5 M,2013,2,false,64.800,54,17471.60
MCOU,NY,66780021008,BYETTA 10 ,2013,2,true,,,
FFSU,NY,66780021201,BYETTA 10 ,2013,2,false,571.200,217,79426.70
MCOU,NY,66780021201,BYETTA 10 ,2013,2,false,4711.600,1975,699295.87
MCOU,NY,66780021007,BYETTA 5 M,2013,1,false,997.200,821,262709.17
FFSU,NY,66780021007,BYETTA 5 M,2013,1,false,69.600,58,17781.56
MCOU,NY,66780021008,BYETTA (EX,2013,1,true,,,
MCOU,NY,66780021201,BYETTA 10 ,2013,1,false,5487.431,2305,729095.74
FFSU,NY,66780021201,BYETTA 10 ,2013,1,false,568.800,215,72438.55
FFSU,OH,66780021007,BYETTA 5 M,2013,4,false,57.600,48,24865.98
MCOU,OH,66780021007,BYETTA 5 M,2013,4,false,211.200,175,54452.97
MCOU,OH,66780021201,BYETTA 10 ,2013,4,false,1147.200,477,149254.93
FFSU,OH,66780021201,BYETTA 10 ,2013,4,false,268.800,112,63014.20
FFSU,OH,66780021007,BYETTA 5 M,2013,3,false,57.600,48,24138.47
MCOU,OH,66780021007,BYETTA (EX,2013,3,false,225.600,188,59729.37
MCOU,OH,66780021201,BYETTA 10 ,2013,3,false,1286.400,531,168192.36
FFSU,OH,66780021201,BYETTA 10 ,2013,3,false,292.800,121,67959.68
FFSU,OH,66780021007,BYETTA 5 M,2013,2,false,162.000,134,46013.62
MCOU,OH,66780021007,BYETTA 5 M,2013,2,false,289.200,239,80168.95
FFSU,OH,66780021008,BYETTA 10 ,2013,2,true,,,
FFSU,OH,66780021201,BYETTA 10 ,2013,2,false,672.000,280,102184.12
MCOU,OH,66780021201,BYETTA 10 ,2013,2,false,1408.800,587,192738.92
FFSU,OH,66780021007,BYETTA 5 M,2013,1,false,61.200,51,17291.52
MCOU,OH,66780021007,BYETTA 5 M,2013,1,false,348.000,282,90695.23
FFSU,OH,66780021201,BYETTA 10 ,2013,1,false,302.400,125,41312.50
MCOU,OH,66780021201,BYETTA 10 ,2013,1,false,1588.800,662,209881.52
FFSU,OK,66780021007,BYETTA (EX,2013,4,true,,,
FFSU,OK,66780021201,BYETTA (EX,2013,4,false,67.200,22,10422.77
FFSU,OK,66780021007,BYETTA (EX,2013,3,true,,,
FFSU,OK,66780021201,BYETTA (EX,2013,3,false,100.800,30,15620.60
FFSU,OK,66780021007,BYETTA (EX,2013,2,false,14.400,12,4301.14
FFSU,OK,66780021201,BYETTA (EX,2013,2,false,88.800,29,13389.26
FFSU,OK,66780021007,BYETTA (EX,2013,1,false,27.600,21,7622.13
FFSU,OK,66780021201,BYETTA (EX,2013,1,false,136.800,41,18930.20
FFSU,OR,66780021007,BYETTA (EX,2013,4,true,,,
MCOU,OR,66780021007,BYETTA (EX,2013,4,false,53.200,45,16220.79
FFSU,OR,66780021201,BYETTA (EX,2013,4,false,36.000,13,5267.53
MCOU,OR,66780021201,BYETTA (EX,2013,4,false,237.200,101,36264.57
FFSU,OR,66780021007,BYETTA (EX,2013,3,true,,,
MCOU,OR,66780021007,BYETTA (EX,2013,3,false,47.200,40,14396.90
FFSU,OR,66780021201,BYETTA (EX,2013,3,false,38.400,14,5629.57
MCOU,OR,66780021201,BYETTA (EX,2013,3,false,246.000,108,37963.54
MCOU,OR,66780021007,BYETTA (EX,2013,2,false,98.200,81,27903.32
FFSU,OR,66780021007,BYETTA (EX,2013,2,true,,,
FFSU,OR,66780021201,BYETTA (EX,2013,2,false,48.000,18,7064.05
MCOU,OR,66780021201,BYETTA (EX,2013,2,false,378.000,164,54774.06
MCOU,OR,66780021007,BYETTA (EX,2013,1,false,43.600,38,12277.24
FFSU,OR,66780021007,BYETTA (EX,2013,1,true,,,
MCOU,OR,66780021201,BYETTA (EX,2013,1,false,350.000,158,49991.73
FFSU,OR,66780021201,BYETTA (EX,2013,1,false,62.400,24,8421.26
MCOU,PA,66780021007,BYETTA 5 M,2013,4,false,157.800,126,47476.20
FFSU,PA,66780021007,BYETTA 5 M,2013,4,true,,,
MCOU,PA,66780021201,BYETTA (EX,2013,4,false,895.200,355,133989.91
FFSU,PA,66780021201,BYETTA 10 ,2013,4,true,,,
FFSU,PA,66780021007,BYETTA 5 M,2013,3,true,,,
MCOU,PA,66780021007,BYETTA 5 M,2013,3,false,176.400,143,52566.04
MCOU,PA,66780021008,BYETTA 10 ,2013,3,true,,,
MCOU,PA,66780021201,BYETTA (EX,2013,3,false,1044.000,407,155295.10
FFSU,PA,66780021201,BYETTA 10 ,2013,3,true,,,
MCOU,PA,66780021007,BYETTA 5 M,2013,2,false,162.000,124,46160.35
FFSU,PA,66780021007,BYETTA 5 M,2013,2,true,,,
MCOU,PA,66780021008,BYETTA 10 ,2013,2,true,,,
MCOU,PA,66780021201,BYETTA (EX,2013,2,false,904.800,353,129721.33
FFSU,PA,66780021201,BYETTA 10 ,2013,2,true,,,
FFSU,PA,66780021007,BYETTA 5 M,2013,1,false,44.400,37,12102.58
MCOU,PA,66780021007,BYETTA 5 M,2013,1,false,118.800,90,31392.35
MCOU,PA,66780021008,BYETTA 10 ,2013,1,true,,,
MCOU,PA,66780021201,BYETTA (EX,2013,1,false,864.000,335,115714.10
FFSU,PA,66780021201,BYETTA 10 ,2013,1,false,122.400,49,16684.64
MCOU,RI,66780021007,BYETTA (EX,2013,4,true,,,
MCOU,RI,66780021201,BYETTA (EX,2013,4,false,40.800,17,6186.50
MCOU,RI,66780021007,BYETTA (EX,2013,3,true,,,
FFSU,RI,66780021007,BYETTA (EX,2013,3,true,,,
MCOU,RI,66780021201,BYETTA (EX,2013,3,false,48.000,20,7246.13
FFSU,RI,66780021007,BYETTA (EX,2013,2,true,,,
MCOU,RI,66780021007,BYETTA (EX,2013,2,true,,,
MCOU,RI,66780021201,BYETTA (EX,2013,2,false,58.800,25,8875.04
FFSU,RI,66780021201,BYETTA (EX,2013,2,true,,,
FFSU,RI,66780021007,BYETTA (EX,2013,1,true,,,
MCOU,RI,66780021007,BYETTA (EX,2013,1,true,,,
MCOU,RI,66780021201,BYETTA (EX,2013,1,false,53.600,23,7463.95
FFSU,RI,66780021201,BYETTA (EX,2013,1,true,,,
FFSU,SC,66780021007,BYETTA    ,2013,4,false,44.400,37,13167.50
MCOU,SC,66780021007,BYETTA    ,2013,4,false,39.000,33,11372.03
MCOU,SC,66780021201,BYETTA    ,2013,4,false,110.000,52,18559.33
FFSU,SC,66780021201,BYETTA    ,2013,4,false,151.200,63,22390.50
FFSU,SC,66780021007,BYETTA    ,2013,3,false,50.400,42,14934.80
MCOU,SC,66780021007,BYETTA    ,2013,3,false,57.600,47,16152.06
MCOU,SC,66780021201,BYETTA    ,2013,3,false,141.600,59,21073.62
FFSU,SC,66780021201,BYETTA    ,2013,3,false,158.400,66,23454.40
FFSU,SC,66780021007,BYETTA    ,2013,2,false,38.400,32,11026.83
MCOU,SC,66780021007,BYETTA    ,2013,2,false,56.400,47,16039.22
FFSU,SC,66780021201,BYETTA    ,2013,2,false,192.000,78,27748.87
MCOU,SC,66780021201,BYETTA    ,2013,2,false,132.400,62,21830.14
MCOU,SC,66780021007,BYETTA    ,2013,1,false,58.800,48,15109.57
FFSU,SC,66780021007,BYETTA    ,2013,1,false,51.600,43,13647.31
MCOU,SC,66780021201,BYETTA    ,2013,1,false,164.000,82,26284.58
FFSU,SC,66780021201,BYETTA    ,2013,1,false,172.800,71,22846.24
FFSU,SD,66780021007,BYETTA (EX,2013,4,true,,,
FFSU,SD,66780021201,BYETTA (EX,2013,4,true,,,
FFSU,SD,66780021201,BYETTA (EX,2013,3,false,24.000,12,4383.69
FFSU,SD,66780021007,BYETTA (EX,2013,2,true,,,
FFSU,SD,66780021201,BYETTA (EX,2013,2,false,28.000,14,4948.68
FFSU,SD,66780021007,BYETTA (EX,2013,1,true,,,
FFSU,SD,66780021201,BYETTA (EX,2013,1,false,30.000,15,4978.20
FFSU,TN,66780021007,BYETTA    ,2013,4,false,148.800,124,45360.26
FFSU,TN,66780021201,BYETTA    ,2013,4,false,676.800,282,102626.41
FFSU,TN,66780021007,BYETTA (EX,2013,3,false,189.600,158,57372.62
FFSU,TN,66780021201,BYETTA (EX,2013,3,false,751.200,313,115846.90
FFSU,TN,66780021007,BYETTA (EX,2013,2,false,206.400,172,62540.84
FFSU,TN,66780021201,BYETTA (EX,2013,2,false,844.800,352,128026.83
FFSU,TN,66780021007,BYETTA (EX,2013,1,false,224.400,187,63807.11
FFSU,TN,66780021201,BYETTA (EX,2013,1,false,892.800,372,124762.42
FFSU,TX,66780021007,BYETTA 5 M,2013,4,false,34.800,29,10767.08
MCOU,TX,66780021007,BYETTA 5 M,2013,4,false,596.400,495,179658.14
MCOU,TX,66780021201,BYETTA 10 ,2013,4,false,1698.000,706,254842.22
FFSU,TX,66780021201,BYETTA 10 ,2013,4,false,129.600,53,19505.95
FFSU,TX,66780021007,BYETTA 5 M,2013,3,false,45.600,38,13348.97
MCOU,TX,66780021007,BYETTA 5 M,2013,3,false,494.400,411,149797.78
MCOU,TX,66780021201,BYETTA 10 ,2013,3,false,1857.600,762,279105.36
FFSU,TX,66780021201,BYETTA 10 ,2013,3,false,122.400,49,18509.54
MCOU,TX,66780021007,BYETTA 5 M,2013,2,false,572.000,469,172186.89
FFSU,TX,66780021007,BYETTA 5 M,2013,2,false,26.400,22,6802.43
MCOU,TX,66780021201,BYETTA 10 ,2013,2,false,1894.400,785,279978.31
FFSU,TX,66780021201,BYETTA 10 ,2013,2,false,125.400,52,15741.60
FFSU,TX,66780021007,BYETTA 5 M,2013,1,false,28.800,24,7362.01
MCOU,TX,66780021007,BYETTA 5 M,2013,1,false,534.000,437,145651.10
MCOU,TX,66780021201,BYETTA 10 ,2013,1,false,1881.600,777,252540.73
FFSU,TX,66780021201,BYETTA 10 ,2013,1,false,117.600,47,14842.47
MCOU,UT,66780021007,BYETTA    ,2013,4,true,,,
MCOU,UT,66780021201,BYETTA    ,2013,4,false,38.400,24,6761.12
FFSU,UT,66780021201,BYETTA    ,2013,4,false,26.400,11,3879.18
MCOU,UT,66780021007,BYETTA    ,2013,3,true,,,
MCOU,UT,66780021201,BYETTA    ,2013,3,false,36.000,17,6809.02
FFSU,UT,66780021201,BYETTA    ,2013,3,false,31.200,13,4590.44
FFSU,UT,66780021007,BYETTA    ,2013,2,true,,,
MCOU,UT,66780021007,BYETTA    ,2013,2,true,,,
FFSU,UT,66780021201,BYETTA    ,2013,2,false,31.200,13,4545.44
MCOU,UT,66780021201,BYETTA    ,2013,2,false,31.200,18,5603.44
MCOU,UT,66780021007,BYETTA    ,2013,1,true,,,
MCOU,UT,66780021201,BYETTA    ,2013,1,false,26.400,13,4435.36
FFSU,UT,66780021201,BYETTA    ,2013,1,false,45.600,16,5985.09
MCOU,VA,66780021007,BYETTA    ,2013,4,false,102.000,85,30982.81
FFSU,VA,66780021007,BYETTA (EX,2013,4,true,,,
FFSU,VA,66780021201,BYETTA (EX,2013,4,false,60.000,25,9291.25
MCOU,VA,66780021201,BYETTA    ,2013,4,false,518.401,216,78063.16
MCOU,VA,66780021007,BYETTA    ,2013,3,false,90.000,75,27312.95
FFSU,VA,66780021007,BYETTA (EX,2013,3,false,22.800,18,7055.79
FFSU,VA,66780021201,BYETTA (EX,2013,3,false,52.801,22,8179.15
MCOU,VA,66780021201,BYETTA    ,2013,3,false,592.800,243,88772.74
MCOU,VA,66780021007,BYETTA    ,2013,2,false,127.200,106,38743.08
FFSU,VA,66780021007,BYETTA (EX,2013,2,false,15.600,13,4795.89
FFSU,VA,66780021201,BYETTA (EX,2013,2,false,31.200,13,4756.43
MCOU,VA,66780021201,BYETTA    ,2013,2,false,628.800,258,93441.56
FFSU,VA,66780021007,BYETTA (EX,2013,1,false,16.800,14,4651.11
MCOU,VA,66780021007,BYETTA    ,2013,1,false,146.400,120,39983.22
MCOU,VA,66780021008,BYETTA (EX,2013,1,true,,,
MCOU,VA,66780021201,BYETTA    ,2013,1,false,596.200,243,80775.78
FFSU,VA,66780021201,BYETTA (EX,2013,1,false,38.400,16,5319.84
FFSU,VT,66780021007,BYETTA (EX,2013,4,true,,,
FFSU,VT,66780021201,BYETTA (EX,2013,4,false,153.600,44,23394.93
FFSU,VT,66780021007,BYETTA (EX,2013,3,true,,,
FFSU,VT,66780021201,BYETTA (EX,2013,3,false,187.200,53,28524.83
FFSU,VT,66780021007,BYETTA (EX,2013,2,false,15.600,13,4634.69
FFSU,VT,66780021201,BYETTA (EX,2013,2,false,172.800,52,26109.67
FFSU,VT,66780021007,BYETTA (EX,2013,1,false,20.400,13,5556.36
FFSU,VT,66780021201,BYETTA (EX,2013,1,false,187.200,55,25493.89
MCOU,WA,66780021007,BYETTA (EX,2013,4,false,43.200,36,12864.64
FFSU,WA,66780021007,BYETTA (EX,2013,4,true,,,
FFSU,WA,66780021201,BYETTA (EX,2013,4,false,28.800,12,3012.89
MCOU,WA,66780021201,BYETTA (EX,2013,4,false,192.000,80,28632.09
MCOU,WA,66780021007,BYETTA (EX,2013,3,false,39.600,33,11773.95
FFSU,WA,66780021007,BYETTA (EX,2013,3,true,,,
FFSU,WA,66780021201,BYETTA (EX,2013,3,false,26.400,11,2777.42
MCOU,WA,66780021201,BYETTA (EX,2013,3,false,172.800,72,25706.50
MCOU,WA,66780021007,BYETTA (EX,2013,2,false,49.200,39,13295.28
FFSU,WA,66780021007,BYETTA (EX,2013,2,true,,,
FFSU,WA,66780021201,BYETTA (EX,2013,2,false,28.800,12,3987.93
MCOU,WA,66780021201,BYETTA (EX,2013,2,false,120.000,50,16337.80
FFSU,WA,66780021007,BYETTA (EX,2013,1,true,,,
MCOU,WA,66780021007,BYETTA (EX,2013,1,false,58.800,49,15586.55
MCOU,WA,66780021201,BYETTA (EX,2013,1,false,184.800,77,24595.76
FFSU,WA,66780021201,BYETTA (EX,2013,1,false,40.800,17,5192.80
FFSU,WI,66780021007,BYETTA (EX,2013,4,false,64.800,54,19896.92
FFSU,WI,66780021201,BYETTA (EX,2013,4,false,249.600,102,37767.68
FFSU,WI,66780021007,BYETTA (EX,2013,3,false,66.000,53,20040.02
FFSU,WI,66780021201,BYETTA (EX,2013,3,false,352.800,147,53719.68
FFSU,WI,66780021007,BYETTA (EX,2013,2,false,54.000,43,16315.64
FFSU,WI,66780021008,BYETTA (EX,2013,2,true,,,
FFSU,WI,66780021201,BYETTA (EX,2013,2,false,376.800,157,56838.54
FFSU,WI,66780021007,BYETTA (EX,2013,1,false,70.800,55,19161.20
FFSU,WI,66780021201,BYETTA (EX,2013,1,false,372.000,155,51510.93
MCOU,WV,66780021007,BYETTA 5 M,2013,4,true,,,
FFSU,WV,66780021007,BYETTA 5 M,2013,4,false,37.200,31,11148.84
FFSU,WV,66780021201,BYETTA 10 ,2013,4,false,86.400,36,12930.94
MCOU,WV,66780021201,BYETTA 10 ,2013,4,true,,,
MCOU,WV,66780021007,BYETTA 5 M,2013,3,true,,,
FFSU,WV,66780021007,BYETTA 5 M,2013,3,false,34.800,29,10429.56
FFSU,WV,66780021201,BYETTA 10 ,2013,3,false,139.200,58,20780.83
MCOU,WV,66780021201,BYETTA 10 ,2013,3,true,,,
FFSU,WV,66780021007,BYETTA 5 M,2013,2,false,40.800,34,11649.06
MCOU,WV,66780021007,BYETTA 5 M,2013,2,true,,,
MCOU,WV,66780021201,BYETTA 10 ,2013,2,true,,,
FFSU,WV,66780021201,BYETTA 10 ,2013,2,false,187.200,78,26761.21
FFSU,WV,66780021007,BYETTA 5 M,2013,1,false,56.400,47,15089.81
FFSU,WV,66780021201,BYETTA 10 ,2013,1,false,264.000,110,35317.20
FFSU,WY,66780021007,BYETTA (EX,2013,4,true,,,
FFSU,WY,66780021201,BYETTA (EX,2013,4,true,,,
FFSU,WY,66780021007,BYETTA (EX,2013,3,true,,,
FFSU,WY,66780021201,BYETTA (EX,2013,3,true,,,
FFSU,WY,66780021007,BYETTA (EX,2013,2,true,,,
FFSU,WY,66780021201,BYETTA    ,2013,2,true,,,
FFSU,WY,66780021007,BYETTA    ,2013,1,true,,,
FFSU,WY,66780021201,BYETTA    ,2013,1,false,31.200,13,4405.47
FFSU,AK,66780021904,BYDUREON  ,2013,4,false,52.000,13,5402.11
FFSU,AK,66780021904,BYDUREON  ,2013,3,true,,,
FFSU,AK,66780021904,BYDUREON  ,2013,2,true,,,
FFSU,AK,66780021904,BYDUREON  ,2013,1,false,29.000,11,2803.25
FFSU,AL,66780021904,BYDUREON  ,2013,4,false,376.000,94,35921.52
FFSU,AL,66780021904,BYDUREON  ,2013,3,false,343.000,86,32810.61
FFSU,AL,66780021904,BYDUREON  ,2013,2,false,295.000,74,27507.97
FFSU,AL,66780021904,BYDUREON  ,2013,1,false,172.000,43,15184.16
MCOU,AZ,66780021904,BYDUREON  ,2013,4,false,264.000,66,25874.81
MCOU,AZ,66780021904,BYDUREON  ,2013,3,false,148.000,37,13605.79
MCOU,AZ,66780021904,BYDUREON  ,2013,2,false,256.000,43,15221.63
MCOU,AZ,66780021904,BYDUREON  ,2013,1,false,92.000,23,8053.61
FFSU,CA,66780021904,BYDUREON  ,2013,4,false,656.000,163,63935.52
MCOU,CA,66780021904,BYDUREON  ,2013,4,false,684.000,180,65733.49
MCOU,CA,66780021904,BYDUREON  ,2013,3,false,680.000,183,65603.21
FFSU,CA,66780021904,BYDUREON  ,2013,3,false,728.000,182,68970.07
MCOU,CA,66780021904,BYDUREON  ,2013,2,false,560.000,146,51402.55
FFSU,CA,66780021904,BYDUREON  ,2013,2,false,644.000,167,56877.81
MCOU,CA,66780021904,BYDUREON  ,2013,1,false,496.000,126,44829.56
FFSU,CA,66780021904,BYDUREON  ,2013,1,false,564.000,137,48699.73
FFSU,CO,66780021904,BYDUREON 2,2013,4,false,164.000,38,15403.91
FFSU,CO,66780021904,BYDUREON 2,2013,3,false,112.000,25,10676.53
FFSU,CO,66780021904,BYDUREON  ,2013,2,false,96.000,24,8661.14
FFSU,CO,66780021904,BYDUREON  ,2013,1,false,96.000,22,9004.21
FFSU,CT,66780021904,BYDUREON  ,2013,4,false,729.000,171,69586.59
FFSU,CT,66780021904,BYDUREON  ,2013,3,false,530.000,120,50549.40
FFSU,CT,66780021904,BYDUREON  ,2013,2,false,492.000,113,43920.78
FFSU,CT,66780021904,BYDUREON  ,2013,1,false,352.000,78,31123.38
MCOU,DC,66780021904,BYDUREON 2,2013,4,true,,,
MCOU,DC,66780021904,BYDUREON 2,2013,2,true,,,
MCOU,DC,66780021904,BYDUREON 2,2013,1,true,,,
FFSU,DE,66780021904,BYDUREON  ,2013,4,false,72.000,18,7030.88
FFSU,DE,66780021904,BYDUREON  ,2013,3,false,72.000,18,7025.84
FFSU,DE,66780021904,BYDUREON  ,2013,2,false,44.000,11,3975.25
FFSU,DE,66780021904,BYDUREON  ,2013,1,true,,,
FFSU,FL,66780021904,BYDUREON  ,2013,4,true,,,
MCOU,FL,66780021904,BYDUREON  ,2013,4,false,116.000,29,11312.23
MCOU,FL,66780021904,BYDUREON  ,2013,3,true,,,
MCOU,FL,66780021904,BYDUREON  ,2013,2,false,72.000,18,6428.35
MCOU,FL,66780021904,BYDUREON  ,2013,1,false,44.000,11,3945.54
MCOU,GA,66780021904,BYDUREON  ,2013,4,false,92.000,23,9031.53
FFSU,GA,66780021904,BYDUREON  ,2013,4,true,,,
MCOU,GA,66780022601,BYDUREON  ,2013,4,true,,,
FFSU,GA,66780021904,BYDUREON  ,2013,3,true,,,
MCOU,GA,66780021904,BYDUREON  ,2013,3,true,,,
MCOU,GA,66780021904,BYDUREON  ,2013,2,true,,,
FFSU,GA,66780021904,BYDUREON  ,2013,2,true,,,
FFSU,GA,66780021904,BYDUREON  ,2013,1,true,,,
MCOU,GA,66780021904,BYDUREON  ,2013,1,false,44.000,11,4013.12
MCOU,HI,66780021904,BYDUREON 2,2013,4,false,528.000,131,49417.61
MCOU,HI,66780021904,BYDUREON 2,2013,3,false,452.000,113,42813.66
MCOU,HI,66780021904,BYDUREON 2,2013,2,false,404.000,101,35713.48
MCOU,HI,66780021904,BYDUREON 2,2013,1,false,196.000,49,17215.72
FFSU,IA,66780021904,BYDUREON  ,2013,4,false,92.000,23,4698.76
FFSU,IA,66780021904,BYDUREON  ,2013,3,false,60.000,15,2367.24
FFSU,IA,66780022601,BYDUREON  ,2013,3,true,,,
FFSU,IA,66780021904,BYDUREON  ,2013,2,false,85.000,22,4446.68
FFSU,IA,66780022601,BYDUREON  ,2013,2,true,,,
FFSU,IA,66780021904,BYDUREON  ,2013,1,false,76.000,19,4797.51
FFSU,ID,66780021904,BYDUREON  ,2013,4,true,,,
FFSU,ID,66780021904,BYDUREON  ,2013,3,false,52.000,13,4924.58
FFSU,ID,66780021904,BYDUREON  ,2013,2,false,52.000,13,4609.03
FFSU,ID,66780021904,BYDUREON  ,2013,1,false,52.000,13,4603.73
MCOU,IL,66780021904,BYDUREON 2,2013,4,true,,,
FFSU,IL,66780021904,BYDUREON 2,2013,4,false,64.000,16,6074.72
MCOU,IL,66780021904,BYDUREON 2,2013,3,true,,,
FFSU,IL,66780021904,BYDUREON 2,2013,3,false,76.000,19,7157.83
FFSU,IL,66780021904,BYDUREON 2,2013,2,false,84.000,21,7414.07
MCOU,IL,66780021904,BYDUREON 2,2013,2,true,,,
MCOU,IL,66780021904,BYDUREON 2,2013,1,true,,,
FFSU,IL,66780021904,BYDUREON 2,2013,1,false,60.000,15,5275.80
FFSU,IN,66780021904,BYDUREON  ,2013,4,false,1937.000,446,184822.23
FFSU,IN,66780021904,BYDUREON  ,2013,3,false,1563.000,368,149695.54
FFSU,IN,66780021904,BYDUREON  ,2013,2,false,1290.000,313,115946.44
FFSU,IN,66780021904,BYDUREON  ,2013,1,false,1165.000,274,103377.45
MCOU,KS,66780021904,BYDUREON  ,2013,4,false,56.000,14,5591.78
MCOU,KS,66780021904,BYDUREON  ,2013,3,true,,,
MCOU,KS,66780021904,BYDUREON  ,2013,1,true,,,
FFSU,KS,66780021904,BYDUREON  ,2013,1,true,,,
FFSU,KY,66780021904,BYDUREON  ,2013,4,true,,,
MCOU,KY,66780021904,BYDUREON  ,2013,4,false,572.000,143,56934.69
FFSU,KY,66780021904,BYDUREON  ,2013,3,false,56.000,14,5307.94
MCOU,KY,66780021904,BYDUREON  ,2013,3,true,,,
FFSU,KY,66780021904,BYDUREON  ,2013,2,true,,,
MCOU,KY,66780021904,BYDUREON  ,2013,2,false,232.000,58,22160.32
MCOU,KY,66780021904,BYDUREON  ,2013,1,false,244.000,61,22280.48
FFSU,KY,66780021904,BYDUREON  ,2013,1,true,,,
FFSU,LA,66780021904,BYDUREON  ,2013,4,false,292.000,73,27578.07
MCOU,LA,66780021904,BYDUREON  ,2013,4,true,,,
FFSU,LA,66780021904,BYDUREON  ,2013,3,false,356.000,89,33829.70
MCOU,LA,66780021904,BYDUREON  ,2013,3,true,,,
FFSU,LA,66780021904,BYDUREON  ,2013,2,false,296.000,69,26042.10
MCOU,LA,66780021904,BYDUREON  ,2013,2,false,80.000,20,6270.47
MCOU,LA,66780021904,BYDUREON  ,2013,1,false,164.000,41,13558.07
FFSU,LA,66780021904,BYDUREON  ,2013,1,false,280.000,70,24724.10
FFSU,MA,66780021904,BYDUREON 2,2013,4,false,300.000,75,25123.36
MCOU,MA,66780021904,BYDUREON 2,2013,4,false,376.000,80,35666.39
MCOU,MA,66780021904,BYDUREON 2,2013,3,false,356.000,83,33084.23
FFSU,MA,66780021904,BYDUREON 2,2013,3,false,304.000,76,27039.70
MCOU,MA,66780021904,BYDUREON 2,2013,2,false,352.000,82,30894.53
FFSU,MA,66780021904,BYDUREON 2,2013,2,false,200.000,50,15844.96
FFSU,MA,66780021904,BYDUREON 2,2013,1,false,152.000,38,13782.52
MCOU,MA,66780021904,BYDUREON 2,2013,1,false,285.000,68,24659.73
FFSU,MD,66780021904,BYDUREON 2,2013,4,true,,,
MCOU,MD,66780021904,BYDUREON 2,2013,4,false,120.000,28,12234.24
MCOU,MD,66780021904,BYDUREON 2,2013,3,false,100.000,25,10614.46
MCOU,MD,66780021904,BYDUREON 2,2013,2,false,92.000,23,9053.63
FFSU,MD,66780021904,BYDUREON 2,2013,1,true,,,
MCOU,MD,66780021904,BYDUREON 2,2013,1,false,60.000,15,5383.80
FFSU,ME,66780021904,BYDUREON  ,2013,4,false,176.000,44,15354.20
FFSU,ME,66780022601,BYDUREON  ,2013,4,true,,,
FFSU,ME,66780021904,BYDUREON  ,2013,3,false,140.000,33,12968.78
FFSU,ME,66780021904,BYDUREON  ,2013,2,false,56.000,14,4298.45
FFSU,ME,66780021904,BYDUREON  ,2013,1,false,80.000,16,3421.28
FFSU,MI,66780021904,BYDUREON  ,2013,4,false,108.000,17,9004.80
MCOU,MI,66780021904,BYDUREON  ,2013,4,false,352.000,88,22987.60
MCOU,MI,66780021904,BYDUREON  ,2013,3,false,313.000,79,17426.90
FFSU,MI,66780021904,BYDUREON  ,2013,3,false,92.000,17,7830.97
FFSU,MI,66780021904,BYDUREON  ,2013,2,false,97.000,21,7440.75
MCOU,MI,66780021904,BYDUREON  ,2013,2,false,244.000,61,12315.03
MCOU,MI,66780021904,BYDUREON  ,2013,1,false,180.000,45,11403.31
FFSU,MI,66780021904,BYDUREON  ,2013,1,false,122.000,25,8684.07
MCOU,MN,66780021904,BYDUREON  ,2013,4,false,336.000,314,124700.63
FFSU,MN,66780021904,BYDUREON  ,2013,4,false,33.000,33,12819.51
FFSU,MN,66780021904,BYDUREON  ,2013,3,false,31.000,31,11928.53
MCOU,MN,66780021904,BYDUREON  ,2013,3,false,347.000,318,126687.55
FFSU,MN,66780021904,BYDUREON  ,2013,2,false,16.000,16,5759.36
MCOU,MN,66780021904,BYDUREON  ,2013,2,false,241.000,239,90564.95
MCOU,MN,66780021904,BYDUREON  ,2013,1,false,230.000,213,78001.35
FFSU,MN,66780021904,BYDUREON  ,2013,1,false,30.000,24,8013.06
FFSU,MO,66780021904,BYDUREON  ,2013,4,false,1126.000,283,116361.18
FFSU,MO,66780021904,BYDUREON  ,2013,3,false,1540.000,383,162395.60
FFSU,MO,66780021904,BYDUREON  ,2013,2,false,1321.000,334,129820.01
FFSU,MO,66780021904,BYDUREON  ,2013,1,false,1125.000,282,110444.98
MCOU,MS,66780021904,BYDUREON 2,2013,4,true,,,
MCOU,MS,66780021904,BYDUREON 2,2013,3,true,,,
MCOU,MS,66780021904,BYDUREON 2,2013,2,true,,,
MCOU,MS,66780021904,BYDUREON 2,2013,1,true,,,
FFSU,MT,66780021904,BYDUREON 2,2013,4,false,56.000,14,5354.23
FFSU,MT,66780021904,BYDUREON 2,2013,3,false,48.000,12,4602.85
FFSU,MT,66780021904,BYDUREON 2,2013,2,false,60.000,15,5454.83
FFSU,MT,66780021904,BYDUREON 2,2013,1,true,,,
FFSU,XX,66780021904,BYDUREON  ,2013,4,false,11621.000,2869,1137871.72
MCOU,XX,66780021904,BYDUREON  ,2013,4,false,16308.001,4291,1643299.63
FFSU,XX,66780022601,BYDUREON  ,2013,4,true,,,
MCOU,XX,66780022601,BYDUREON  ,2013,4,true,,,
FFSU,XX,66780021904,BYDUREON  ,2013,3,false,10740.000,2660,1060041.83
MCOU,XX,66780021904,BYDUREON  ,2013,3,false,13186.000,3521,1328278.73
FFSU,XX,66780022601,BYDUREON  ,2013,3,true,,,
FFSU,XX,66780021904,BYDUREON  ,2013,2,false,8767.000,2188,802021.84
MCOU,XX,66780021904,BYDUREON  ,2013,2,false,11382.000,2987,1075364.82
FFSU,XX,66780022601,BYDUREON  ,2013,2,true,,,
FFSU,XX,66780021904,BYDUREON  ,2013,1,false,6980.000,1719,635263.49
MCOU,XX,66780021904,BYDUREON  ,2013,1,false,9493.860,2540,898041.68
MCOU,XX,66780022601,BYDUREON  ,2013,1,true,,,
FFSU,NC,66780021904,BYDUREON  ,2013,4,false,852.000,211,85228.82
FFSU,NC,66780021904,BYDUREON  ,2013,3,false,729.000,182,72750.81
FFSU,NC,66780021904,BYDUREON  ,2013,2,false,661.000,165,61796.08
FFSU,NC,66780021904,BYDUREON 2,2013,1,false,532.000,133,49646.32
FFSU,ND,66780021904,BYDUREON 2,2013,4,false,52.000,13,5273.81
FFSU,ND,66780021904,BYDUREON 2,2013,3,false,64.000,16,6500.96
FFSU,ND,66780021904,BYDUREON 2,2013,2,true,,,
FFSU,ND,66780021904,BYDUREON 2,2013,1,true,,,
FFSU,NE,66780021904,BYDUREON  ,2013,4,false,140.000,35,14155.95
FFSU,NE,66780021904,BYDUREON  ,2013,3,false,84.000,21,8494.77
FFSU,NE,66780021904,BYDUREON  ,2013,2,false,44.000,11,4164.57
FFSU,NE,66780021904,BYDUREON  ,2013,1,false,56.000,14,5147.72
MCOU,NH,66780021904,BYDUREON  ,2013,4,true,,,
FFSU,NH,66780021904,BYDUREON  ,2013,4,true,,,
FFSU,NH,66780021904,BYDUREON  ,2013,3,false,72.000,18,6828.54
FFSU,NH,66780021904,BYDUREON  ,2013,2,true,,,
FFSU,NH,66780021904,BYDUREON  ,2013,1,true,,,
FFSU,NJ,66780021904,BYDUREON  ,2013,4,false,184.000,47,17727.95
MCOU,NJ,66780021904,BYDUREON  ,2013,4,false,1089.000,291,117056.23
MCOU,NJ,66780021904,BYDUREON  ,2013,3,false,652.000,166,64027.97
FFSU,NJ,66780021904,BYDUREON  ,2013,3,false,176.000,43,16969.79
FFSU,NJ,66780021904,BYDUREON  ,2013,2,false,202.000,54,18181.34
MCOU,NJ,66780021904,BYDUREON  ,2013,2,false,572.000,143,54799.41
FFSU,NJ,66780021904,BYDUREON  ,2013,1,false,185.000,43,16153.28
MCOU,NJ,66780021904,BYDUREON  ,2013,1,false,508.800,141,53178.25
MCOU,NJ,66780022601,BYDUREON  ,2013,1,true,,,
FFSU,NM,66780021904,BYDUREON 2,2013,4,true,,,
MCOU,NM,66780021904,BYDUREON 2,2013,4,true,,,
MCOU,NM,66780021904,BYDUREON 2,2013,3,false,112.000,26,11020.12
FFSU,NM,66780021904,BYDUREON 2,2013,3,true,,,
MCOU,NM,66780021904,BYDUREON 2,2013,2,false,96.000,24,8883.46
FFSU,NM,66780021904,BYDUREON 2,2013,2,true,,,
MCOU,NM,66780021904,BYDUREON 2,2013,1,false,112.000,28,10310.87
FFSU,NV,66780021904,BYDUREON  ,2013,4,false,108.000,25,10165.90
MCOU,NV,66780021904,BYDUREON  ,2013,4,true,,,
FFSU,NV,66780021904,BYDUREON  ,2013,3,false,80.000,19,7777.37
MCOU,NV,66780021904,BYDUREON  ,2013,3,true,,,
MCOU,NV,66780021904,BYDUREON  ,2013,2,true,,,
FFSU,NV,66780021904,BYDUREON  ,2013,2,true,,,
MCOU,NV,66780021904,BYDUREON  ,2013,1,true,,,
FFSU,NV,66780021904,BYDUREON  ,2013,1,true,,,
MCOU,NY,66780021904,BYDUREON  ,2013,4,false,6209.000,1539,586483.32
FFSU,NY,66780021904,BYDUREON  ,2013,4,false,480.000,116,45037.32
MCOU,NY,66780022601,BYDUREON  ,2013,4,true,,,
FFSU,NY,66780021904,BYDUREON 2,2013,3,false,585.000,145,55321.17
MCOU,NY,66780021904,BYDUREON 2,2013,3,false,5358.000,1332,505165.09
MCOU,NY,66780021904,BYDUREON 2,2013,2,false,4571.000,1138,409067.08
FFSU,NY,66780021904,BYDUREON  ,2013,2,false,460.000,114,37705.20
MCOU,NY,66780021904,BYDUREON  ,2013,1,false,3808.060,962,332982.41
FFSU,NY,66780021904,BYDUREON  ,2013,1,false,360.000,89,31449.22
FFSU,OH,66780021904,BYDUREON 2,2013,4,false,455.000,121,53475.65
MCOU,OH,66780021904,BYDUREON  ,2013,4,false,2215.000,549,202148.22
MCOU,OH,66780021904,BYDUREON  ,2013,3,false,1868.000,465,169706.16
FFSU,OH,66780021904,BYDUREON 2,2013,3,false,427.000,109,48909.71
MCOU,OH,66780021904,BYDUREON  ,2013,2,false,1568.000,391,137378.88
FFSU,OH,66780021904,BYDUREON 2,2013,2,false,348.000,86,32890.99
FFSU,OH,66780021904,BYDUREON 2,2013,1,false,284.000,71,26661.87
MCOU,OH,66780021904,BYDUREON  ,2013,1,false,1366.000,332,119968.21
FFSU,OK,66780021904,BYDUREON  ,2013,4,true,,,
FFSU,OK,66780021904,BYDUREON  ,2013,3,true,,,
FFSU,OK,66780021904,BYDUREON  ,2013,2,false,48.000,12,4442.81
FFSU,OK,66780021904,BYDUREON  ,2013,1,true,,,
MCOU,OR,66780021904,BYDUREON  ,2013,4,false,208.000,52,19828.05
FFSU,OR,66780021904,BYDUREON  ,2013,4,true,,,
MCOU,OR,66780021904,BYDUREON  ,2013,3,false,144.000,36,13542.98
FFSU,OR,66780021904,BYDUREON  ,2013,3,true,,,
MCOU,OR,66780021904,BYDUREON  ,2013,2,false,168.000,42,14848.70
MCOU,OR,66780021904,BYDUREON  ,2013,1,false,88.000,22,7706.24
MCOU,PA,66780021904,BYDUREON 2,2013,4,false,904.000,222,86684.08
FFSU,PA,66780021904,BYDUREON 2,2013,4,true,,,
FFSU,PA,66780021904,BYDUREON 2,2013,3,true,,,
MCOU,PA,66780021904,BYDUREON 2,2013,3,false,608.000,148,58099.57
FFSU,PA,66780021904,BYDUREON 2,2013,2,true,,,
MCOU,PA,66780021904,BYDUREON 2,2013,2,false,378.000,89,33578.93
FFSU,PA,66780021904,BYDUREON 2,2013,1,false,56.000,14,5070.36
MCOU,PA,66780021904,BYDUREON 2,2013,1,false,162.000,41,14517.94
MCOU,RI,66780021904,BYDUREON  ,2013,4,true,,,
MCOU,RI,66780021904,BYDUREON  ,2013,2,true,,,
MCOU,SC,66780021904,BYDUREON  ,2013,4,false,88.000,22,8319.90
FFSU,SC,66780021904,BYDUREON  ,2013,4,true,,,
FFSU,SC,66780021904,BYDUREON  ,2013,3,true,,,
MCOU,SC,66780021904,BYDUREON  ,2013,3,false,88.000,22,8417.14
FFSU,SC,66780021904,BYDUREON  ,2013,2,true,,,
MCOU,SC,66780021904,BYDUREON  ,2013,2,false,56.000,14,5074.42
FFSU,SC,66780021904,BYDUREON  ,2013,1,true,,,
MCOU,SC,66780021904,BYDUREON  ,2013,1,false,44.000,11,3880.84
FFSU,SD,66780021904,BYDUREON  ,2013,4,false,88.000,22,8712.44
FFSU,SD,66780021904,BYDUREON  ,2013,3,false,73.000,19,7235.23
FFSU,SD,66780021904,BYDUREON  ,2013,2,false,64.000,16,5955.08
FFSU,SD,66780021904,BYDUREON  ,2013,1,true,,,
FFSU,TN,66780021904,BYDUREON  ,2013,4,false,2161.000,541,210015.44
FFSU,TN,66780022601,BYDUREON  ,2013,4,true,,,
FFSU,TN,66780021904,BYDUREON  ,2013,3,false,1639.000,412,159785.79
FFSU,TN,66780021904,BYDUREON  ,2013,2,false,1104.000,276,103270.37
FFSU,TN,66780022601,BYDUREON  ,2013,2,true,,,
FFSU,TN,66780021904,BYDUREON  ,2013,1,false,448.000,112,41799.97
FFSU,TX,66780021904,BYDUREON 2,2013,4,false,72.000,18,7154.12
MCOU,TX,66780021904,BYDUREON 2,2013,4,false,1400.000,348,134757.10
FFSU,TX,66780021904,BYDUREON 2,2013,3,false,128.000,32,13767.65
MCOU,TX,66780021904,BYDUREON 2,2013,3,false,1288.000,320,123253.00
MCOU,TX,66780021904,BYDUREON 2,2013,2,false,1008.000,249,91309.96
FFSU,TX,66780021904,BYDUREON 2,2013,2,false,120.000,30,12778.55
FFSU,TX,66780021904,BYDUREON 2,2013,1,false,140.000,35,14822.19
MCOU,TX,66780021904,BYDUREON 2,2013,1,false,1086.000,268,96780.02
FFSU,UT,66780021904,BYDUREON  ,2013,4,true,,,
MCOU,UT,66780021904,BYDUREON  ,2013,4,true,,,
FFSU,UT,66780021904,BYDUREON  ,2013,3,true,,,
MCOU,UT,66780021904,BYDUREON  ,2013,3,true,,,
FFSU,UT,66780021904,BYDUREON  ,2013,2,true,,,
MCOU,UT,66780021904,BYDUREON  ,2013,2,true,,,
FFSU,UT,66780021904,BYDUREON  ,2013,1,true,,,
MCOU,UT,66780021904,BYDUREON  ,2013,1,true,,,
MCOU,VA,66780021904,BYDUREON  ,2013,4,false,392.001,96,38339.55
FFSU,VA,66780021904,BYDUREON  ,2013,4,false,56.000,14,5548.99
MCOU,VA,66780021904,BYDUREON  ,2013,3,false,356.000,89,34790.49
FFSU,VA,66780021904,BYDUREON  ,2013,3,true,,,
MCOU,VA,66780021904,BYDUREON  ,2013,2,false,212.000,51,19409.18
FFSU,VA,66780021904,BYDUREON  ,2013,2,true,,,
FFSU,VA,66780021904,BYDUREON  ,2013,1,false,48.000,12,4398.24
MCOU,VA,66780021904,BYDUREON  ,2013,1,false,160.000,40,14482.43
FFSU,WA,66780021904,BYDUREON  ,2013,4,true,,,
MCOU,WA,66780021904,BYDUREON  ,2013,4,false,60.000,15,5686.52
FFSU,WA,66780021904,BYDUREON  ,2013,3,true,,,
MCOU,WA,66780021904,BYDUREON  ,2013,3,false,44.000,11,4069.93
MCOU,WA,66780021904,BYDUREON  ,2013,2,true,,,
FFSU,WA,66780021904,BYDUREON  ,2013,2,true,,,
FFSU,WA,66780021904,BYDUREON  ,2013,1,true,,,
MCOU,WA,66780021904,BYDUREON  ,2013,1,false,48.000,12,4130.56
FFSU,WI,66780021904,BYDUREON  ,2013,4,true,,,
FFSU,WI,66780021904,BYDUREON  ,2013,3,true,,,
FFSU,WI,66780021904,BYDUREON  ,2013,2,true,,,
FFSU,WI,66780021904,BYDUREON  ,2013,1,true,,,
MCOU,WI,66780021904,BYDUREON  ,2013,1,true,,,
MCOU,WV,66780021904,BYDUREON 2,2013,4,false,44.000,11,4254.62
FFSU,WV,66780021904,BYDUREON 2,2013,4,false,384.000,96,36885.58
MCOU,WV,66780021904,BYDUREON 2,2013,3,false,52.000,13,5031.55
FFSU,WV,66780021904,BYDUREON 2,2013,3,false,304.000,76,29078.21
FFSU,WV,66780021904,BYDUREON 2,2013,2,false,272.000,68,24186.15
MCOU,WV,66780021904,BYDUREON 2,2013,2,true,,,
FFSU,WV,66780021904,BYDUREON 2,2013,1,false,196.000,49,17429.11
FFSU,WY,66780021904,BYDUREON  ,2013,4,true,,,
FFSU,WY,66780021904,BYDUREON  ,2013,3,true,,,
FFSU,WY,66780021904,BYDUREON  ,2013,2,true,,,
FFSU,WY,66780021904,BYDUREON  ,2013,1,true,,,
